741AE09,Private
208593B,IOG Products LLC
208593D,"Shanghai Kenmyond Industrial Network Equipment Co.,Ltd"
208593A,"H3 Industries, Inc."
B0C5CAF,Private
241510B,"Teknic, Inc."
9806375,GS GLOBAL SECURITY INC
B4A2EBC,"Shanghai Shenou Communication Equipment Co., Ltd."
2415105,"GANZHOU DEHUIDA TECHNOLOGY CO., LTD"
2415102,Nile Global Inc
241510D,Helen of Troy
9806371,E. P. Schlumberger
9806370,Zoleo Inc.
B01F81F,Private
B437D1F,Private
44D5F2A,SYS TEC electronic GmbH
D05F64E,Montblanc-Simplo GmbH
D05F648,TytoCare LTD.
44D5F2D,"Shenzhen Nation RFID Technology Co.,Ltd."
44D5F26,Beam Communications Pty Ltd
D05F646,Cyrus Technology GmbH
2C16BDB,LINGDONG TECHNOLOGY (BEIJING) CO. LTD
FCA47A7,Innovative Advantage
FCA47AA," Shenzhen Elebao Technology Co., Ltd"
FCA47AC,"Shenzhen ALFEYE Technology CO.,Ltd"
2C16BDC,"Beijing CHJ Automotive Co., Ltd."
B4A2EB9,"CURRENT WAYS, INC."
B4A2EB5,Annapurna labs
B4A2EBA,"Hengkangï¼ˆHangzhouï¼‰Co.,Ltd"
8C593C4,Guralp Systems Limited
B4A2EBB,Quantitec GmbH
8C593C2,"Beida Jade Bird Universal Fire Alarm Device CO.,LTD."
8C593C7,OBO Pro.2 Inc.
8C593C9,GENIS
D0C8575,"Beijing Inspiry Technology Co., Ltd. "
BC97405,"Shanghai Laisi Information Technology Co.,Ltd"
F40E11F,Private
D0C857E,E-T-A Elektrotechnische Apparate GmbH
6095CEB,"Beijing Sinomedisite Bio-tech Co.,Ltd"
BC97407,Airfi Oy AB
BC97401,comtac AG
BC97403,Precision Galaxy Pvt. Ltd
6095CE0,Siema Applications
6095CE8,Trophy SAS
6095CEE,VNS Inc.
6095CE6,Xiamen Sigmastar Technology Ltd.
1C82591,3xLOGIC Inc.
848BCD5,exodraft a/s
1C8259B,"KeyWest Networks, Inc"
848BCD2,CCX Technologies Inc.
885D90F,Private
B0FD0B8,eSenseLab Ltd.
B0FD0BA,"TEMCO JAPAN CO., LTD."
848BCD6,TWTG R&D B.V. 
B0FD0B3,DMAC Security LLC
C82C2B6,Grav I.T.
C82C2B1,Galgus
E41E0A8,SAGE Glass
C82C2BB,"Kunshan SVL Electric  Co.,Ltd"
C82C2B7,Merpa Bilgi Islem Ltd.Sti
C82C2BD,"UBITRON Co.,LTD"
C863149,Maxcom S.A.
C863148,"Thinci, Inc."
C863141,"Autonics Co., Ltd."
FCD2B6D,"Bee Smart(Changzhou) Information Technology Co., Ltd"
FCD2B63,Coet Costruzioni Elettrotecniche
745BC5A,Fournie Grospaud Energie SASU
745BC5C,ComNot
A83FA12,"MEDCAPTAIN MEDICAL TECHNOLOGY CO., LTD."
745BC5D,CELYSS SAS
E44CC7C,EPS Bio
4CBC98E,Wonder Workshop
4CBC981,JSC NIC
E44CC72,"Doowon Electronics & Telecom Co.,Ltd"
4CBC98A,"Shenzhen Cogitation Technology Co.,Ltd."
E05A9F9,"Gemalto ""Document Readers"""
E05A9F6,Fibrain
F80278F,Private
D8860B7,GrÃ¼nbeck Wasseraufbereitung GmbH
D8860B0,"Inspur Group Co., Ltd."
D8860B5,CAMTRACE
CCD39D5,"SHENZHEN ROYOLE TECHNOLOGIES CO., LTD."
38B19EB,System Q Ltd
CCD39DD,Ethernity Networks
D425CC4,"Barobo, Inc."
9C69B45,Elesta GmbH
9C69B4A,"BEIJING PICOHOOD TECHNOLOGY CO.,LTD"
9C69B4B,Toughdog Security Systems
4C917A0,"Shenzhen Dangs Science & Technology CO.,LTD"
4C917A2,"Chongqing Unisinsight Technology Co.,Ltd."
4C917AD,"Shenzhen bankledger Technology Co, Ltd"
6CDFFBE,"Beijing Fimi Technology Co., Ltd."
A44F29F,Private
6CDFFB3,Beijing Ainemo Co Ltd
7CBC845,"Nanning auto digital technology co.,LTD"
6CDFFB1,Chongqing Baoli Yota Technologies Limited
6CDFFB7,Hashtrend AG
98F9C76,GoodBox
98F9C75,"Tonycore Technology Co.,Ltd."
98F9C7D,hangzhou soar security technologies limited liability company
2C4835E,"IROOTECH TECHNOLOGY CO.,LTD"
98F9C79,"Koala Technology CO., LTD."
0CFE5DC,"Bepal Technology Co.,Ltd."
0CFE5DE,"NEWGREEN TECH CO., LTD."
0CFE5D0,"Chengdu Ledong Information & Technology Co., Ltd. "
6C5C3D8,"GUANGZHOU GUANGRI ELEVATOR INDUSTRY CO.,LTD"
6C5C3D0,"ShenZhen Hugsun Technology Co.,Ltd."
3C39E7F,Private
1CFD089,LABEL 
A83FA16,BEGLEC
E81863F,Private
6C5C3D5,Unitel Engineering
A83FA11,GTDevice LLC
1CFD088,"ShenZhen DeLippo Technology Co., LTD"
3C6A2C4,"XI'AN YEP TELECOM TECHNOLOGY CO.,LTD"
3C6A2C8,TP Radio
3C6A2CC,Eltov System
3C6A2CA,Metro
3C6A2C1,Olibra LLC
A83FA18,Neos Ventures Limited
A4ED437,Wuxi Junction Infomation Technology Incorporated Company
3C6A2CD,"Xiamen Smarttek CO., Ltd."
300A60A,Ampetronic Ltd
300A60C,"Thermo Process Instruments, LP"
300A609,"WINTEK System Co., Ltd"
300A60B,Giax GmbH
A4ED438,Linseis Messgeraete GmbH
A4ED43D,Brand New Brand Nordic AB
A028336,"Xiamen Caimore Communication Technology Co.,Ltd."
A028330,GERSYS GmbH
A028332,"Shanghai Nohmi Secom Fire Protection  Equipment Co.,Ltd."
8489ECE,"Shenzhen Intellifusion Technologies Co., Ltd."
8489EC6,POCT biotechnology
8489EC8,Arts Digital Technology (HK) Ltd.
A02833D,Audix
8489EC4,Vayyar Imaging Ltd.
0055DAE,Victorsure Limited
8489EC1,"Research Electronics International, LLC."
3009F93,"OOO ""Microlink-Svyaz"""
3009F9D,Technology for Humankind
9CF6DDB,"Guangzhou LANGO Electronics Technology Co., Ltd."
9CF6DD1,"Ithor IT Co.,Ltd."
C08359A,"SHANGHAI CHARMHOPE INFORMATION TECHNOLOGY CO.,LTD."
C083593,PCH Engineering A/S
C08359B,Suzhou Siheng Science and Technology Ltd.
9CF6DD9,CAMAï¼ˆLuoyangï¼‰Electronics Co.ï¼ŒLtd
C083598,ista International GmbH
C083597,"Fuzhou Fdlinker Technology Co.,LTD"
3C427E3,"Shenzhen VETAS Communication Technology Co , Ltd."
04C3E6E,Teleepoch Ltd
04C3E6A,"Sealed Unit Parts Co., Inc."
3C427EC,Privacy Labs
B44BD6B,DongYoung media
B44BD66,Perspicace Intellegince Technology
B44BD67,"Taizhou convergence Information technology Co.,LTD"
B44BD60,G4S Monitoring Technologies Ltd
B44BD63,Huizhou Sunoda Technology Co. Ltd
B44BD64,"Shenzhen Hi-Net Technology Co., Ltd."
3C427E5,Geoplan Korea
986D359,Private
D47C44E,SHENZHEN ANYSEC TECHNOLOGY CO. LTD
3C427E2,"Starloop Tech Co., Ltd."
D47C44C,STRIVE ORTHOPEDICS INC
D47C447,"Pongee Industries Co., Ltd."
D0D94F7,Private
D47C44B,OPTiM Corporation
1CA0D3E,Exicom Tele-Systems Ltd.
A019B2B,"HangZhou iMagic Technology Co., Ltd "
A019B2D,"RYD Electronic Technology Co.,Ltd."
A019B27,ARIMA Communications Corp.
A019B26,GfG mbH
2C48357,FAST
2C4835D,Phasor Solutions Ltd
34049EC,Private
3C24F07,Swissdotnet SA
0C73EB4,"U-PASS.CO.,LTD"
480BB2C,SHENZHEN TOPWELL TECHNOLOGY CO..LTD
480BB29,"Microprogram Information Co., Ltd"
480BB24,"Hangzhou Freely Communication Co., Ltd."
480BB28,BravoComï¼ˆxiamenï¼‰TechCo.Ltd
885FE81,"Apoidea Technology Co., Ltd."
885FE88,"Changsha Xiangji-Haidun Technology Co., Ltd"
885FE8B,"Shenzhen ORVIBO Technology Co., Ltd"
301F9AB,Smart Component Technologies LTD
301F9A2,"CHISON Medical Technologies Co., Ltd."
F041C84,Candelic Limited
F041C8A,Telstra
F041C81,"DongGuan Siyoto Electronics Co., Ltd       "
F041C8D,ATN Media Group FZ LLC
88A9A70,Shenzhenshi kechuangzhixian technology Co.LTD
88A9A7D,"AVLINK INDUSTRIAL CO., LTD"
88A9A75,Volterman Inc.
A4DA223,"DURATECH Enterprise,LLC"
A4DA22A,Abetechs GmbH
A4DA224,LORIOT AG
DCE5338,JB-Lighting Lichtanlagen GmbH
DCE5332,Remko GmbH & Co. KG
DCE533B,Tintel Hongkong Co.Ltd
A4DA22D,"Shen Zhen City YaKun Electronics Co., Ltd"
A4DA22B,Klashwerks Inc.
A4DA225,Original Products Pvt. Ltd.
A4DA227,"Hydro Electronic Devices, Inc."
DCE5331,Ambi Labs Limited
A4DA221,T2T System
C4FFBC1,"VISATECH C0., LTD."
C4FFBC9,GSM Innovations Pty Ltd
9C431EE,Midas Technology DBA Phoenix Audio Technologies
C4FFBC5,comtime GmbH
1C21D1E,p2-plus inc.
34298FC,Albert Handtmann Maschinenfabrik GmbH&Co.KG
9C431ED,"HK ELEPHONE Communication Tech Co.,Limited"
282C025,"LLC ""MICROTEH"""
282C02B,"ThirdReality, Inc"
282C02A,Tokin Limited
282C020,"SAKATA DENKI Co., Ltd."
9C431E0,"Antailiye Technology Co.,Ltd"
4048FD9,Plus One Global Ltd.
F8B5680,"LifePrint Products, Inc."
F8B5684,"Combiwins Technology Co.,Limited"
F8B5683,"Dongwoo Engineering Co.,Ltd"
F8B5685,etectRx
3873EAD,Annapurna labs
3873EAE,"Shenzhen Jixian Technology Co., Ltd."
3873EA7,PingGPS Inc
3873EA3,"Proch plastic Co., Ltd."
3873EAA,"SHENZHEN CSE TECHNOLOGY CO., LTD"
3873EAC,LG Electronics
34D0B8A,Meatest sro
8C147D9,Anyware Solutions ApS
EC9F0D4,WisIOE
34D0B80,Captec Ltd
AC1DDFD,Elekon AG
AC1DDF1,"HellaStorm, Inc."
AC1DDFB,Fine Inc.
AC1DDFA,WESCO INTEGRATED SUPPLY
741AE02,NURA HOLDINGS PTY LTD
741AE0C,bistos.co.ltd
741AE00,Huano International Technology Limited
741AE04,Revl Inc.
741AE05,"FUJIAN TAILI COMMUNICATION TECHNOLOGY CO.,LTD"
2C279EB,Forties Inc.
2C279E6,Rutledge Omni Services Pte Ltd
2C279E2,"Kunyi electronic technology (Shanghai) Co., Ltd."
CC22371,Terma Sp. z o.o.
189BA5C,Christ Electronic System GmbH
2C279ED,"Jiangsu JianHu Science & Technology Co., Ltd."
2C279E0,"Changzhou WEBO Weighing Device & System CO.,LTD"
904E911,Apollo Video Technology
34298F9,Wiesheu GmbH
34298F5,Highlite International B.V.
34298F4,ISRA Vision AG
34008AA,Hibertek International Limited
28F537A,"Honeywell Safety Products USA, Inc"
E818632,"AVCON Information Technology Co.,Ltd"
34008A7,uberGARD Pte. Ltd.
34008A8,"Shenzhen Andakai Technologies Co., Ltd."
78D800E,CL International 
78D800D,"Korea Micro Wireless Co.,Ltd."
7CBACC6,Fossil Power Systems Inc
7CBACC5,"Fortem Technologies, Inc."
7CBACC3,Izkare
7CBACCA,Annapurna labs
7CBACC9,Yongguan Electronic Technology (D.G)LTD
F88A3C7,Josh.ai
4C65A81,Beijing Bluehalo Internet Inc.
4C65A80,WELT Corporation
A0C5F2A,"Serious Integrated, Inc."
4C65A8C,Fuse
4C65A87,"Wuhan MoreQuick Network Technology Co., Ltd."
4C65A89,"SHENZHEN LISAIER TRONICS CO.,LTD"
8C147D5,Unwired Networks
F023B9E,Domotz Ltd
8C147D6,"Shenzhen Meidou Technology Co, Ltd."
A0C5F2B,"Oray.com co., LTD."
04714B4,Apparatebau Gauting GmbH
04714B1,uAvionix Corporation
F023B9C,"Shenzhen Lachesis Mhealth Co., Ltd."
04714BA,"Observables, Inc."
04714B8,Energport Inc
60D7E3B,Nextivity
60D7E3C,"Zhejiang Send Intelligent Technology,Ltd"
60D7E3E,"HuBDIC CO.,LTD"
60D7E38,"HindlePower, Inc"
08ED029,Savox Communications 
60D7E34,Hemisphere GNSS
08ED02B,"Szok Energy and Communication Co., Ltd."
60D7E3D,"Quantronix, Inc."
98AAFC3,Nexus Electrical(Jiaxing) Limited
98AAFC8,Beijing Tiandi-Marco Electro-Hydraulic Control System Company Ltd.
98AAFC6,"Mekotronics Co., Ltd"
98AAFC4,"RPE ""RADICO"""
08ED02C,Guard RFID Solutions
144FD7B,Arkus-ST Ltd
98AAFCD,MCS Micronic Computer Systeme GmbH
144FD76,"i-SENS, Inc."
1CA0D39,"Cirque Audio Technology Co., Ltd"
A411639,accesso Technology Group
1CA0D3B,"Guang Dong He Zheng Network Technology Co.,Ltd"
40F3857,PALAZZETTI LELIO SPA
40F3853,IntelliDesign Pty Ltd
8CC8F46,SHENZHEN D-light Technolgy Limited
8CC8F4A,Trilux Group Management GmbH
40F3854,Embedded IQ
8CC8F43,"TOHO DENKI IND.CO.,LTD"
50A4D00,TRAXENS
50A4D08,XinLian'AnBaoï¼ˆBeijingï¼‰Technology Co.ï¼ŒLTD.
8CC8F49,Swift Navigation Inc
8CC8F40,"Guardtec,Inc"
50A4D07,"Shanghai Pujiang Smart Card Systems Co., Ltd."
8CC8F41,"Lanhomex Technology(Shen Zhen)Co.,Ltd. "
50A4D09,OEM PRODUCTION INC.
50A4D05,TREXOM S.r.l.
3.40E+12,Eclipse Information Technologies
40ED98B,Siebert Industrieelektronik GmbH
40ED987,Vaisala Oyj
34049ED,uikismart
34049EB,"Eginity, Inc."
40ED980,"Tsinghua Tongfang Co., LTD"
A4580FD,"EYE IO, LLC"
A4580F6,"Astro, Inc"
A4580FA,"GUANGZHOU OPTICAL BRIDGE COMMUNICATION EQUIPMENT CO.,LTD."
40ED986,"Shanghai Broadwan Communications Co.,Ltd"
40ED985,Cape
500B918,Panasonic Enterprise Solutions Company
244E7BE,"WithWin Technology ShenZhen CO.,LTD"
244E7B5,"Jiangsu Xuanbo Electronic Technologies Co.,Ltd"
500B917,"Shenzhen Xinfa Electronic Co.,ltd"
7CCBE2C,mirakonta s.l.
7CCBE28,Polarteknik Oy
244E7B2,"RCC TIME CO .,LIMITED"
244E7B4,Leshi Internet Information & Technology (Beijing) Corp.
4865EE4,"Mission Microwave Technologies, Inc"
4865EE7,Venture Research Inc.
1CC0E18,LX Corporation Pty Ltd
4CE1733,outpaceIO
4CE173E,Plus One Japan Limited
4CE173C,REMONDE NETWORK 
1CC0E10,Shenzhen Highsharp Electronics Ltd.
AC64DDB,Groupe Citypassenger Inc
0CEFAF0,Kenmore
383A212,"Shenzhen HS Fiber Communication Equipment CO., LTD"
AC64DD4,8Cups
AC64DD1,JSC InfoTeCS
383A216,"Shenzhen Smart-core Technology co., Ltd."
F81D784,Digital Imaging Technology
F81D783,"SHANGHAI SUN TELECOMMUNICATION CO., LTD."
F81D78D,Tofino
F81D78A,AVPro Global Holdings LLC
383A21D,Colooc AB
383A214,Dongguan Innovation Technology Co Ltd
70F8E7C,Fixstars Corporation
70F8E72,VOXX International
84E0F4E,Scale-Tec Ltd.
84E0F42,"Hangzhou Uni-Ubi Co.,Ltd."
C0D3919,xxter bv
58E8765,"Broad Air Technology Co., LTD."
58E876B,Annapurna labs
58E876D,"Xiamen Cacamle Technology Co.,Ltd."
C0D3917,"ALNETz Co.,LTD"
F0ACD71,Intenta GmbH
F0ACD72,QUANTUM POWER SYSTEMS
58E8763,McWong International Inc
F0ACD73,Med-Pat/Inn-Phone
F0ACD70," Guilin glsun Science and Tech Co.,LTD"
283638E,SCA Hygiene Products AB
283638B,"ShangHai Canall Information Technology Co.,Ltd"
2836388,Havells India Limited
2836387,Innovative Technology Ltd
8C192DA,TeleAlarm SA
38B8EBB,ExaScaler Inc.
8C192D1,"Shenzhen Huanuo Internet Technology Co.,Ltd"
D0D94F8,Apption Labs Limited
D0D94F0,"Perfant Technology Co., Ltd"
8C192D2,DataRemote Inc.
D0D94F3,Beijing Yiwangxuntong Technology
D0D94F4,peiker CEE
D0D94F5,Optigo Networks
CCD31EA,Haishu Technology LIMITED
C47C8D7,"Awiselink Co., Ltd."
C47C8DC,INOTEC Sicherheitstechnik GmbH
C47C8D5,"PASCAL Co., Ltd."
CCD31E6,BBPOS International Limited
CCD31EB,Elk Products
C47C8D6,"HHCC Plant Technology Co.,Ltd."
C47C8D9,Airbus DS - SLC
6891D0B,Altis Technology 
6891D0A,WiseCube
6891D07,Omniimpex GmbH
E0B6F54,Agora
E0B6F5A,Folksam AB
E0B6F5D,ITEL MOBILE LIMITED
50FF99C,Goetting KG
50FF991,Coyote Sytem
50FF99D,"Shenzhen Haipengxin Electronic Co., Ltd."
50FF99B,Sichuan Dowlab Electronics Technology Co. Ltd
5CF286D,"BrightSky, LLC"
986D351,"Shenzhen cositea electronics technology co.,LTD"
7C477C3,EyeLock LLC
986D358,"Beijing 3CAVI Tech Co.,Ltd"
7C477CC,Annapurna labs
5CF2863,"beijing your wonderful control system technology co.,ltd"
5CF2865,EUROIMMUN Medizinische Labordiagnostika AG
38FDFEE,"iSmart electronic technology co.,LTD"
5CF2866,VPInstruments
5CF2862,"Shanghai Notion Information Technology CO.,LTD."
5CF286C,Sunpet Industries Limited
5CF2868,"SHENZHEN HIVT TECHNOLOGY CO.,LTD"
38FDFE7,Rademacher Geraete-Elektronik GmbH
38FDFE2,"Smart Solution Technology, Inc"
38B8EB5,Dojo-Labs Ltd
38B8EBE,Wyres SAS
78CA831,Excelocity Inc.
78CA839,Louroe Electronics
78CA830,DAINCUBE
1C88792,"Airsmart System Co.,Ltd"
1C88796,Eolos IT Corp
1C8879C,Accriva
1C87761,EBS Sp. z o.o.
1C8779D,"Shenzhen Innovaconn Systems Co.,Ltd"
1C8779C,AllThingsTalk
1C87796,"Shenzhen Shouxin Tongda Technology Co.,Ltd"
1C87795,BEIDIAN  GROUP
8439BED,"Shenzhen Lidaxun Digital Technology Co.,Ltd"
8439BEC,EDC Electronic Design Chemnitz GmbH
8439BEA,Emotiq s.r.l.
40A36B9,PH Technical Labs
800A802,"Sumitomo Wiring Systems, Ltd."
800A804,"LLVISION TECHNOLOGY CO.,LTD"
800A803,"Beijing VControl Technology Co., Ltd."
0055DA2,"Beijing Connected Information Technology Co.,Ltd."
CC1BE03,"Shenzhen Vanstor Technology Co.,Ltd"
CC1BE06,IC RealTech
CC1BE09,MobiStor Technology Inc.
CC1BE08,MDT technologies GmbH
CC1BE0D,NEWSTAR (HK) ELECTRONIC DEVELOPMENT LIMITED
0055DAB,Interaxon Inc
0055DAD,"Arrow Electronics,Inc."
C88ED16,"Shenyang Machine Tool(Group) Research & Design Institute Co., Ltd, Shanghai Branch"
A03E6B5,"Friday Lab, UAB"
A03E6B2,Videx Electronics S.p.A.
A03E6B8,718th  Research  Institute  of  CSIC
A03E6B9,Incogniteam Ltd.
C88ED1A,AP Sensing GmbH
A03E6BC,Qunar.com
1C21D18,Reliatronics Inc.
1C21D15,B-Scada Inc.
DC44273,General Microsystems Sdn Bhd
C88ED12,ROTRONIC AG
1C21D19,Dynojet Research
DC44278,Wharton Electronics Ltd
DC44270,Suritel
B0C5CA5,SYSTOVI
B0C5CA8,Astyx GmbH
B0C5CA1,IVK-SAYANY
78C2C00,"Shenzhen ELI Technology co.,ltd"
78C2C0B,"Wan Chao An (Beijing) Technology Co., Ltd."
885D904,"Wuhan Strong Electronics Co., Ltd"
885D90C,iRoom GmbH
885D90B,Premier Merchandises Limited
885D907,"Schmidt & Co.,(H.K.)Ltd."
B437D13,"DIMTONÂ CO.,LTD."
B437D11,Alturna Networks
B437D12,Fibersystem AB
74F8DB5,Provision-ISR
64FB818,NPG Technology S.A.
64FB815,Kay Schulze & Karsten Pohle GbR
807B85C,"Ningbo Plus and Popscreens electronic Technology Co.,LTD"
807B85B,Oliotalo Oy
807B859,SMART ELECTRONICS NZ LIMITED
549A111,SpearX Inc.
64FB81A,Bronkhorst High-Tech BV
64FB814,Pricer AB
1CCAE31,PGA ELECTRONIC
64FB813,MOBILUS Inc.
80E4DA9,Elcus
1CCAE30,Private
80E4DA0,Wheatstone Corporation
2CD141E,CITA SMART SOLUTIONS LTD
80E4DA7,Shortcut Labs
2CD141A,"Fiberroad Technology Co., Ltd."
2CD1415,ZENIC INC.
9802D8E,Private
2C6A6F1,"ELKO EP, s.r.o."
9802D84,"Zedi, Inc."
A0BB3EA,Filo SRL
90C6820,"Shenzhen Lencotion Technology Co.,Ltd"
9802D88,"Simplo Technology Co.,LTD"
2C6A6F9,Logic IO Aps
2C6A6F7,"SM DSP CO.,LTD."
A0BB3E1,"IVision Electronics Co.,Ltd"
A0BB3E3,WiteRiver Technology LLC
A0BB3E5,ManTech International Corporation
28FD802,"Zhixiang Technology Co., Ltd."
28FD80C,Airbus Defence and Space Oy
2C265F2,"Jiangsu JARI Technology Group Co., LTD"
2C265FA,Polara Engineering
F802784,"CLARUS Korea Co., Ltd"
0CEFAF1,Goerlitz AG
0CEFAFC,"GainStrong Industry Co.,Ltd"
0CEFAFA,"chengdu joyotime Technology Co., Ltd."
F80278B,Rosemount Analytical
A44F290,Dermalog Identification Systems GmbH
A44F29A,HTD
A44F29B,"GUANGDONG REAL-DESIGN INTELLIGENT TECHNOLOGY CO.,LTD"
3C39E78,Martem AS
3C39E75,Attrackting AG
3C39E7C,"VANSTONE ELECTRONIC (BEIJING)CO,. LTD."
3C39E72,HomeWizard B.V.
E81863B,"Protek Electronics Group Co.,LTD"
D022124,Viatron GmbH
1007235,"BEIJING SOOALL INFORMATION TECHNOLOGY CO.,LTD"
D022120,Spirit IT B.V.
74E14A7,APM Technologies (DongGuan) Ltd
74E14A9,"Kanto Aircraft Instrument Co., Ltd."
B8D8124,V5 Technology Corporation
B8D812A,Kiwigrid GmbH
E4956ED,"Shanghai Tieda Telecommunications Equipment Co.,LTD."
E4956E8,PT.MLWTelecom
BC6641D,"UtilLighting Co.,Ltd."
E4956E0,"SMC Networks, Inc"
B01F81C,Access Device Integrated Communications Corp.
BC66416,"Intuitive Surgical, Inc"
58FCDB4,Inforce Computing Inc.
58FCDB0,Spang Power Electronics
BC66411,Global China Technology Limited
B01F817,"Aether Services, Inc."
58FCDB9,"Hi-Target Surveying Instrument Co., Ltd."
141FBAE,POS Systema LLC
F40E111,"BEIJING DONGJIN AERO-TECH CO., LTD"
F40E11A,Kodpro Ltd.
7C70BC4,"K-Vision Technology (Shanghai), Ltd"
141FBA7,"Wisnetworks Technologies Co., Ltd."
7C70BC7,Nomad Digital Ltd.
141FBA4,BYZERO
7C70BC0,Shanghai magcomm communication technology co ltd
BC34003,Altronix Corporation
BC34000,Redvision CCTV
BC34007,Q-PRODUCTS a. s.
A43BFA7,Deatronic srl
A43BFA6,Recognition Systems LLC
D076504,Private
D076508,Accumulate AB
7419F89,Princip a.s.
7419F8A,Tanjarine
7419F88,Quest Payment Systems
7419F85,"Starcor Beijing Co.,Limited"
7419F82,Symtop Instrument Co.
4011754,Table Trac Inc
4C4BF9A,Electrolux Professional AB
401175E,NIBBLE
4011751,"Fujian Kuke3D Technology Co.,LTD"
4011755,MIRC ELECTRONICS LTD
4011750,"Lexi Devices, Inc."
10DCB67,"Moya Commumication Technology (Shenzhen) Co.,Ltd."
10DCB6A,Pickering Interfaces Ltd
54A4930,Intelligent Surveillance Corp
54A4933,"I-MOON TECHNOLOGY CO., LIMITED"
4C4BF94,"Shenzhen dingsheng technology co., LTD"
4C4BF9C,Connected IO
4C4BF98,Zivid AS
2085930,Hemina Spa
208593C,Regloplas AG
4C4BF91,"Jiangsu acrel Co., Ltd."
4C4BF97,GLONEXS
4C4BF95,Remedee Labs
208593E,Dynaudio
8439BE2,Cheng Du virtual world Technology Limited.
241510E,"Satellite Link Technology CO.,LTD"
2085934,Kloudspot Inc
241510C,"Shenzhen Xtooltech Co., Ltd"
2415100,Safetrust Inc
2085931,Networking Services Corp
2415108,Private
2415101,SMaBiT GmbH
980637C,HwaCom Systems Inc.
549A11F,Private
241510A,"Unitronux(Shenzhen) Intelligence Technology Co.,Ltd"
980637B,Petersime
980637D,VR Technology(Shenzhen) Limited
9806377,SAMWONTECH
9806373,"Hangzhou Sanxin Network Technology Co.,Ltd"
9806379,"NAB co,.LTD"
7419F8F,Private
E4956EF,Private
D05F649,"Shanghai Luying International Trade Co.,Ltd"
D05F645,Atoll Solutions Private Limited
D05F642,"SHANGHAI ZHONGMI COMMUNICATION TECHNOLOGY CO.,LTD"
D05F643,HUAQIN TELECOM HONG KONG LTD
2C279E3,Private
44D5F28,CETC Avionics.L td
44D5F23,VURO LLC
D05F64B,"North American Blue Tiger Company, LLC"
44D5F21,SIMPLERED TECHNOLOGY LTD.
44D5F24,"APPOTRONICS CO., LTD"
44D5F20,TIBA Research & Development (1986) LTD
FCA47A0,Broadcom Inc.
FCA47AB,"Shenzhen Nokelock Technology Co, Ltd."
FCA47A6,Token
2C16BD4,Sunit Oy
8C593CB,Scharfe-Sicht GmbH
8C593CA,ecom instruments GmbH
8C593CE,"Shenzhen Tian-Power Technology Co.,Ltd."
B4A2EB0,"QKM Technology(Dongguan)Co.,Ltd"
B4A2EB7,Kona I
2CD141F,Private
D0C8577,Eco Mobile 
D0C8573,Mobicon
D0C857D,"IFLYTEK CO.,LTD."
6095CEC,Synamedia
1C8259A,ESTec Corporation
1C82596,CGI IT UK LIMITED
6095CE4,"Untangle, Inc."
F023B9D,Private
B0FD0B1,IDspire Corporation Ltd.
848BCD0,SouXin Corporate
B0FD0BE,"Shenzhen FEIBIT Electronic Technology Co.,LTD"
C82C2BC,Smart Wires Inc
C82C2B8,"Verifone Systems (China),lnc."
C82C2BE,FrÃ¤nkische Rohrwerke Gebr. Kirchner GmbH & Co. KG
C82C2B2,Repp Health
E41E0AA,FireAngel Safety Technology Ltd
E41E0A3,Avast Software s.r.o.
C86314E,Taylor Dynamometer
C863140,"Western Reserve Controls, Inc."
C86314C,Freeus LLC
34E1D17,Genius Pros
34E1D14,ASA Innovation & Technology Ltd.
34E1D16,Ningbo Hua Gao Mdt Info Tech Ltd
34E1D13,Rinco Ultrasonics AG
C863145,Meyer Electronics Limited
FCD2B6C,"Silicon (Shenzhen) Electronic Technology Co.,Ltd."
FCD2B6E,Univer S.p.A.
34E1D19,Apart Audio NV
FCD2B6A,NREAL TECHNOLOGY LIMITED
745BC59,"Haikou Frun Flash&Mcu Microcontrol Technology Development Co.,Ltd"
745BC5B,Smartiply Inc.
745BC53,OXON AG
E44CC76,"HANGZHOU OLE-SYSTEMS CO., LTD"
E44CC77,Channel Enterprises (HK) Ltd.
E44CC75,"CE LABS, LLC"
E05A9FB,"Shenzhen Rongan Networks Technology Co.,Ltd"
E05A9F3,"Link of Things Co., Ltd."
4CBC982,Quake Global Inc
3.40E+13,Private
38B8EB7,Private
4CBC98B,"Dongguan SmartAction Technology Co.,Ltd"
4CBC985,Gronic Systems GmbH
4CBC983,Machine Max
38B19E6,Thrust Networks
D8860B4,Teplovodokhran Ltd.
D8860B9,DIGITAL CONCEPTS
E05A9F4,Hale Products
D8860BA,GLO Science
D8860B6,SCANMATIK
38B19ED,Dallas Delta Corporation
38B19E3,AVO DEVELOPMENT LTD
8439BE0,"HINO ENGINEERING, INC"
CCD39D7,Glenair
D425CC3,EISST Ltd
D425CCA,E-MetroTel
D425CCE,Coperion
D425CC0,NORDI TELEKOMMUNIKATSIOONI OÃœ
CCD39D3,MagTarget LLC
D425CC1,"Eware Information Technology com.,Ltd"
9C69B49,Teptron AB
4C917A4,LumiGrow Inc.
9C69B48,Skydock do Brasil Ltda
9C69B47,PCI Limited
6CDFFB6,AAON
6CDFFBB,"CELL System Co.,Ltd."
4C917A8,Camsat PrzemysÅ‚aw Gralak
4C917A9,"Hangzhou Hangtu Technology Co.,Ltd."
6CDFFB9,YongTechs Electric Co. Ltd
6CDFFB8,Hardmeier
7CBC847,"Xuji Changnan Communication Equipment Co., Ltd."
7CBC84A,OPNT BV
7CBC841,"Xiamen Mage Information Technology Co.,Ltd."
7CBC846,SociÃ©tÃ© de Transport de MontrÃ©al
98F9C77,ARIMA Communications Corp.
0CFE5D3,"Beijing WayClouds Technology Co., Ltd."
98F9C7A,MSB Elektronik und GerÃ¤tebau GmbH
6C5C3DB,Reconova Technologies
6C5C3DD,"Syowatsusinkougyo Co.,Ltd."
6C5C3DA,krtkl inc.
244E7BD,Private
1CFD086,A&B Technology
6C5C3DC,choyang powertech
6C5C3D7,"SOUNDKING ELECTRONICS&SOUND CO., LTD."
1CFD085,"Beijing Hengxin Rainbow Information Technology Co.,Ltd"
A83FA1B,Exel s.r.l. unipersonale
A83FA13,"Guangzhou Tupu Internet Technology Co., Ltd."
3C6A2C2,"Bosch Automotive Products (Suzhou) Co., Ltd."
3C6A2CB,"Phytium Technology Co., Ltd."
3C6A2C5,"Qingdao iGuan Technology Co., Ltd."
A83FA14,"Zhejiang Wellsun Intelligent Technology Co.,Ltd."
A83FA1D,"Shenzhen BIO I/E Co.,Ltd"
0055DAF,Private
300A607,Newtons4th Ltd
A4ED43E,TOEC TECHNOLOGY CO.ï¼ŒLTD.
A4ED433,"Dongguan Mingji Electronics technology Group Co., Ltd."
A4ED43C,leakSMART
A4ED431,INGELABS S.L.
A02833C,Kalray S.A.
8489EC7,"BYDA Co. Ltd., "
8489ECC,SHINKAWA LTD.
9CF6DDA,AVI Pty Ltd
3009F94,Punkt Tronics AG
C083596,Beijing Cloud Fly Technology Development Co.Ltd
9CF6DD4,Capital Engineering & Research Incorporation Ltd.
9CF6DD7,"KXT Technology Co., Ltd."
C08359D,Gardner Denver Thomas GmbH
04C3E6D,Amiosec Ltd
04C3E64,Innovusion Inc.
04C3E68,SLOC GmbH
B44BD61,"SHENZHEN TITA INTERACTIVE TECHNOLOGY CO.,LTD"
D47C445,"LS Communication Co.,Ltd."
3C427ED,"ROBOX SMART MOTION (WUHU) CO.,LTD"
3C427EA,snap40 Ltd
D47C448,"Beijing Maystar Information Technology Co., Ltd."
A019B2E,Ahgora Sistemas SA
D47C446,"ASDA ICT Co., Ltd."
2C48355,"Scout Security, Inc."
A019B28,MIS Industrie Systeme GmbH & Co. KG
A019B22,"Beijing Deephi Intelligent Technology Co., Ltd"
2C48350,"Progress Rail Services, Inspection and Information Systems"
2C48353,Newtrax Technologies Inc
2C48351,Advanced Electronics Company Ltd
8C1CDA5,Septentrio NV
8C1CDA0,CEOS Pty Ltd
3C24F08,"Sivat Technology Co.,Ltd."
8C1CDAD,Riegl Laser Measurement Systems GmbH
8C1CDA7,K Technology Corporation
0C73EB3,"Tiinlab Acoustic Technology (Shenzhen) Co., Ltd."
0C73EBD,D-Link ï¼ˆShanghaiï¼‰Limited Corp.
0C73EB7,"Dinkle Enterprise Co., Ltd."
0C73EBB,Synaccess Networks
0C73EB2,"Deltapath, Inc."
0C73EBA,Pi Innovo LLC
3C24F06,Inter Action Corporation
3C24F09,Siemens AG - Siemens Deutschland Mobility
0C73EBE,"Taiwan Pulse Motion Co., Ltd."
3C24F0B,COMATIS
4865EE8,"SmartDisplayer Technology Co., Ltd."
480BB26,Annapurna labs
480BB2B,Popit Oy
885FE83,Sonnet Labs Inc.
885FE85,Hauch & Bach ApS
885FE89,Sowee
885FE87,"Red Technologies, LLC."
F041C82,"Shenzhen Medica Technology Development Co., Ltd."
F041C8C, Shanghai Think-Force Electronic Technology Co. Ltd
F041C8E,"Shenzhen Umind Technology Co., Ltd."
40A36B4,SKS-Kinkel Elektronik GmbH
301F9A3,"MICOMSOFT CO.,LTD."
301F9AA,"HUNAN CHANGSHA HENGJIAN TECHNOLDGY DEVELPMENT CO.,LTD."
88A9A76,Sieper LÃ¼denscheid GmbH & Co. KG
A4DA228,SolidPro Technology Corporation
DCE5337,SAN Engineering
DCE5333,ShenZhen C&D Electronics CO.Ltd.
C4FFBCB,"KAGA ELECTRONICS CO.,LTD."
9C431E4,"Wireless Environment, LLC"
9C431E1,Symfun Telecom Ltd
9C431E7,Optris GmbH
2CD141D,Private
282C022,Shenzhen emb-star technology co. LTD
F8B568B,Whizpace Pte. Ltd.
F8B5688,Maven Wireless AB
4048FD7,Cloud4Wi
4048FDC,Ecotap B.V.
4048FD6,Swarco Technology ApS
4048FD2,"MITHRAS Technology Co., LTD"
3873EA4,Light Blue Optics Ltd.
EC9F0DB,"CRRC QINGDAO SIFANG ROLLING STOCK RESEARCH INSTITUTE CO.,LTD"
3873EA5,ISTCONTROL
EC9F0DA,flexlog GmbH
34D0B89,Skytech Creations Limited
34D0B8C,Glory Mark Electronic Ltd. Taiwan Branch (B.V.I.)
34D0B84,"EQPlay Intelligent Technology(Kunshan) Co,Ltd."
AC1DDF8,"Sichuan Odot Automation System Co.,Ltd."
AC1DDF2,ConectaIP Tecnologia S.L.
34D0B8D,NTX Embedded
AC1DDF9,Solare Datensysteme GmbH
CC2237B,"Tolomatic, Inc."
741AE0E,ITS Partner (O.B.S) S.L.
CC2237E,"MANUFACTURAS Y TRANSFORMADOS AB, S.L."
741AE07,BÃ„R Bahnsicherung AG
741AE08,Broadcast Wireless Systems Ltd
04714B2,"Shenzhen WayOS Technology Crop., Ltd."
CC22372,Apeiron Data Systems
2C279EE,Amaryllo International Inc.
2C279E9,"octoScope, Inc."
2C279E8,Institut Dr. Foerster GmbH & Co. KG
CC2237D,"SHENZHEN HOOENERGY TECHNOLOGY CO.,LTD"
2C279E4,"Shijiazhuang King Transportation Equipment Co.,Ltd"
189BA58,"Shenzhen Tong Tai Yi information Technology Co.,Ltd"
8439BE3,"ShenZhen Fudeyu Technology co.,Ltd"
189BA53,PHINETWORKS
34298F8,"Nanjing Sandemarine Electric Co.,Ltd"
904E91D,SKODA ELECTRIC a.s.
189BA59,APANA Inc.
904E914,Wrtnode technology Inc.
34298FB,Schnick-Schnack-Systems GmbH
34298F1,"Chengdu Meross Technology Co., Ltd."
34298F6,Bellman & Symfon
34008AE,"SHENZHEN WXL ELECTRONICS CO., LTD."
34008AB,Project Engineering srl
34298FA,Virtual Trunk Pte Ltd
34298F3,"Beijing Vorx Telecommunications Co., Ltd."
34008A0,Angee Technologies Ltd.
78D8001,"Shenzhen Envicool Information Technology Co., Ltd"
78D8003,"Shenzhen Scodeno Technology Co,. Ltd."
78D800C,"Shenzhen Chenzhuo Technology Co., Ltd."
78D8008,Salunda Ltd
7CBACCE,"ALPHA TECHNOLOGIES, LLC"
7CBACCC,Flying Loft Inc.
F88A3CE,Avateq Corp.
40A36B8,"SFT Co., Ltd."
4C65A8E,High Infinity Germany
4C65A86,Nuviz Oy
F88A3CB,FARA AS
F88A3C0,ART SPA
8C147D4,"Nanjing bilian information Technology Co.,Ltd."
8C147DA,Bluemega Document & Print Services
4C65A88,"Instant Byte, S.L."
4C65A82,Orica Europe Pty Ltd & Co KG
A0C5F2D,"UnaliWear, Inc."
A0C5F29,Impulse Networks Pte Ltd
50FF994,IPC Global
A0C5F28,CoolR Group Inc
A0C5F2C,Glooko inc
F023B96,"Xiamen Jinhaode Electronic Co.,Ltd"
F023B90,Aquametro AG
F023B98,G3 TECHNOLOGIES< INC
04714BE,Gimso Mobile Ltd
F023B94,EZVIS LIMITED
60D7E30,Avalun
60D7E3A,Wilderness Labs Inc.
60D7E35,Revol Technologies inc
60D7E33,SKS Automaatio oy
08ED020,D2SLink Systems
08ED021,"Imperx, Inc"
98AAFCE,Comarch S.A. 
98AAFC9,BEAM Authentic
98AAFCC,dots Inc.
144FD7C,D&S Cable Industries (HK) Limited
144FD72,FedEx Services OTI
144FD70,Annapurna labs
F802787,BETTINI SRL
144FD78,"NPort Networks Inc.,"
144FD71,Zehnder Group AG
A411638,Dspread Technology (Beijing) Inc.
A411633,Pax
1CA0D35,"Dynamic Connect (Suzhou) Hi-Tech Electronic Co.,Ltd."
1CA0D34,NPO TELECOM JSC
1CA0D36,"Intertecno SRL ""NISUTA"""
1CA0D33,SAVELEC
40F3855,KATO ENGINEERING INC.
40F385E,BBB Inc.
8CC8F44,"ITECH Electronic Co.,ltd."
34049EE,ND SatCom GmbH
3.40E+09,"Seeiner Technology Co.,LTD"
3.40E+07,"Nanjing Mythware Information Technology Co., Ltd."
A4580FE,Finetree Communications Inc
7CCBE2B,"Easy Broadband Technology Co., Ltd."
7CCBE27,"Hangzhou Kaicom Communication Co.,Ltd"
500B91D,"Shenzhen Lucky Sonics Co .,Ltd"
A4580F5,CoAsia Microelectronics Corp.
500B91E,Shenzhen zhong ju  Fiber optical Co.Ltd
A4580F4,"Shenzhen City billion Leiden science and Technology Co., Ltd."
1CC0E14,Videri Inc.
500B91C,"Diamond Traffic Products, Inc"
7CCBE20,"Heyuan Yongyida Technology Holdings Co.,Ltd."
7CCBE23,Astrum Technologies CC
244E7B0,Tekelek Europe Ltd
7CCBE21,CeoTronics AG
244E7BA,Shenzhen AWT science &  technology limited
4CE1736,"DAIKOKU DENKI CO.,LTD."
4865EEB,EnBW Energie Baden-WÃ¼rttemberg AG
4865EE1,Gopod Group Limited
244E7B9,"UniMAT Automation Technology Co., Ltd."
4865EED,"Winn Technology Co.,Ltd"
4865EE3,Data Technology Inc.
4CE1738,"Nanjing Tongke Technology Development Co., LTD"
1CC0E13,"HANGZHOU SOFTEL OPTIC CO., LTD"
4CE1734,"Huizhou Dehong Technology Co., Ltd."
4CE173B,"Shanghai Ehong Technology Co.,Ltd"
AC64DDE,"DIGIBIRD TECHNOLOGY CO., LTD."
1CC0E1A,SECHERON SA
4CE1735,NewVastek
383A217,Chengdu Krosslan Technology Inc.
383A219,Skylark Wireless LLC
383A21E,"SDNware technology co.,LTD"
AC64DD3,"infypower Co., Ltd"
383A21B,Pactron
F81D781,ADTECHNO Inc.
70F8E76,Flexim Security Oy
70F8E79,"Kontech Electronics Co., Ltd"
70F8E70,SHENZHEN Xin JiuNing Electronics Co Ltd
70F8E78,Eclipse Security
F81D78C,"SHENZHUOYUE TECHNOLOGY.,LTD"
70F8E71,System Level Solutions (India) Pvt.
84E0F4A,"iSolution Technologies Co.,Ltd."
84E0F47,Dantherm
84E0F46,"Liaoning IK'SONYA Science and Technology Co., Ltd."
84E0F41,MedicusTek Inc.
84E0F48,"RAY Co.,LTD"
C0D3918,XENA SECURITY LIMITED
C0D3912,"Hofon Automation Co.,Ltd"
986D354,blossom communications corp.
C0D3913,IXON B.V.
58E8768,"Chengdu Vision-Zenith Technology Co.,Ltd"
58E876A,SHENZHEN DIGISSIN TECHNOLOGY
58E876C,KUSTOM SIGNALS INC
C0D391D,"REGULUS CO.,LTD."
F0ACD74,Sercomm Corporation.
F0ACD77,Hanju Network Technologies Co.
F0ACD78,Telefonix Incorporated
F0ACD75,PAVO TASARIM URETIM TICARET A.S.
F0ACD76,Suzhou Pairlink Network Technology
2836380,Knowles Electronics LLC
283638D,APPEAK Technology System Co.Ltd.
2836384,Dspread Technology (Beijing) Inc.
283638A,Bluekey Pty Ltd
8C192DC,"You Zhengcheng co.,ltd"
8C192D4,"Charmlink Tech(HK) Co.,Limited "
8C192D7,SRETT
8C192DB,"Abside Networks, Inc."
8C192D9,"ViaWear, Inc."
8C192D8,"Shenzhen Cylan Technology Co.,Ltd"
CCD31E9,"Siemens AG, MO MLT BG"
D0D94FD,"DUKSANMECASYS CO., LTD."
C47C8D8,GETEMED Medizin- und Informationstechnik AG
C47C8DB,"GC AUTOMATION CO,LTD"
C47C8DA,Silvus technologies inc
C47C8D4,ROBOSTAR
6891D0E,"Outstanding Technology Co., Ltd."
C47C8D3,"Watec Co., Ltd."
6891D01,Multi Alarm Zrt.
6891D09,QUANTEX
E0B6F56,POMCube Inc. 
E0B6F53,Huizhou GISUN Industrial CO. LTD
6891D05,NIPK Electron Co.
E0B6F5C,funktel GmbH
50FF992," SHENZHEN KINGVT ELECTRONICS CO.,LTD"
E0B6F58,Yuneec Internationalï¼ˆChinaï¼‰Co.ï¼ŒLtd
986D357,"Zhejiang Hanshow Technology Co., Ltd."
50FF997,Honeywell International
7C477C8,"Shenzhen Eunicum Electric Co.,Ltd."
7C477C1,Photosynth Inc.
7C477C6,Zerosystem LTD.Co
986D356,Vitronic Dr.-Ing. Stein Bildverarbeitungssysteme GmbH
986D35D,Praesideo B.V.
7C477C0,BungBungame Inc
7C477C5,Midwest Microwave Solutions
5CF286E,"Daisen Electronic Industrial Co., Ltd."
5CF286A,Unfors Raysafe AB
38FDFE4,New Telecom Solutions LLC
38FDFE5,CaptiveAire Systems Inc.
78CA83C,"Elanview Technology Co.,Ltd"
78CA837,Beijing CarePulse Electronic Technology 
38B8EB8,CeeNex Inc
78CA838,IHM
78CA83B,"Zhejiang Science Electronic Tech Co., Ltd"
1C87745,"Xiaoxinge (Tangshan) Electronic Technology Co., Ltd."
1C8774C,New Nordic Engineering
1C88798,"Toshiba Toko Meter Systems Co., LTD."
1C87744,Weber Marking Systems GmbH
1C87747,Ing Buero Ziegler
1C8774D,CLABER SPA
1C87799,"Istria soluciones de criptografia, S. A."
1C8779A,"Hangzhou Xiaowen Intelligent Technology Co., Ltd."
1C87798,"ZHEJIANG ITENAL TECHNOLOGY CO.,LTD"
1C87791,A-GEAR COMPANY LIMITED 
8439BEB,"Shenzhen Horn Audio Co.,Ltd."
8439BE8,Diamond Products LLC
40A36BB,Amobile Intelligent Corp.
40A36B7,Pella Corporation
40A36B3,"Omnitracs, LLC"
40A36B0,Fin Robotics Inc
800A806,"Beijing Gooagoo Technical Service Co.,Ltd."
800A805,"Shenzhen Zidoo Technology Co., Ltd."
0055DAC,"Donguan WideLink Communication Technology Co.,Ltd."
0055DA7,"LUCISTECHNOLOGIESï¼ˆSHANGHAIï¼‰CO.,LTD"
CC1BE05,"Earphone Connection, Ubc."
A03E6BE,"Nanjing zhanyi software technology co., LTD"
A03E6B1,"Business Support Consultant Co.,Ltd"
0055DA3,Novexx Solutions GmbH
DC4427B,"Nautilus Infotech CO., Ltd."
DC4427C,Pyrexx Technologies GmbH
DC4427A,"Shanghai Huahong Integrated Circuit Co.,Ltd"
1C21D1C,Private
C88ED11,German Pipe GmbH
1C21D11,Ognios GmbH
B0C5CA9,D&T Inc.
DC44274,Nex Technologies PTY LTD
78C2C08,"Beijing Coilabs technology co.,ltd"
78C2C0A,"Ombitron, Inc."
78C2C0D,KORF Inc.
B437D16,"Yireh Auto Tech Co.,Ltd."
B437D10,Lezyne INC USA
78C2C07,"Guangzhou Hongcai Stage Equipment co.,ltd"
B437D17,GE Power Management
74F8DB4,"WiFi Hotspots, SL"
74F8DB2,"Shenzhen Ruishi Information Technology Co.,Ltd."
74F8DB3,InnoTrans Communications
74F8DB7,"Wuhan Tianyu Information Industry Co., Ltd."
549A117,Niveo International BV
549A11E,"Beijing HTSmartech Co.,Ltd"
549A114,eTauro LLC
549A113,Royal Boon Edam International BV
549A110,"Shenzhen Excera Technology Co.,Ltd."
807B85A,"Interplan Co., Ltd."
64FB81D,Dongyang unitech.co.ltd
64FB81C,"Bridgeport Instruments, LLC"
64FB812,Seven Solutions S.L
64FB81E,"ChengDu KeChuang LongXin Sci-tech Co.,Ltd"
64FB819,hiQview Corporation
807B856,"Quickte Technology Co.,Ltd"
80E4DA4,"Beijing Yuantel Technolgy Co.,Ltd-Shenzhen Branch"
80E4DA8,"Krizer international Co,. Ltd."
80E4DAB,Nanjing LILO Technology Co. Ltd.
80E4DAC,EVER Sp. z o.o.
1CCAE3D,eSight Corporation
80E4DA3,Beijing Gaokezhongtian Technology Co Ltd
1CCAE37,Bird Home Automation GmbH
2CD1417,"XiaMen 35.com Technology Co,.Ltd."
90C6827,Cinet Inc
90C6823,Innovative Electronic Technology
90C6828,Teletek Electronics
90C6826,"Nanjing Jiexi Technologies Co., Ltd."
2C6A6F0,"Shanghai Shuncom Electronic Technology Co.,Ltd"
90C682E,"Shanghai HuRong Communication Technology Development Co., Ltd."
2C6A6FA,"Wellntel, Inc."
2CD1416,Bowei Technology Company Limited
28FD804,Digital Signal Corp
A0BB3E6,"Xiamen Kehua Hengsheng Co.,Ltd"
A0BB3E8,AutarcTech GmbH
A0BB3E9,Sandal Plc
F802782,Innodisk
F802789,"Beijing Redcdn Technology, Co., Ltd"
2C265F5,Motec GmbH
2C265FE,"Hysentel Technology Co., Ltd"
A44F293,Comsel System Ltd
0CEFAF4,Sentry360
3C39E74,University of British Columbia
3C39E71,BEWATEC Kommunikationstechnik GmbH
1007230,RippleTek Tech Ltd
B8D812D,Lam Research
D022121,AIM
B8D812C,"Yuwei Info&Tech Development Co.,Ltd"
E818631,clabsys
E818637,Siliconcube
D022128,"Shenzhen SIC Technology. Co., Ltd."
D022126,URANO INDUSTRIA DE BALANCAS E EQUIPAMENTOS LTDA
E818639,BSM Wireless Inc.
D022122,RHENAC Systems GmbH
74E14A3,emz-Hanauer GmbH & Co. KGaA
74E14A4,"open joint stock company ""YUG-SISTEMA plus"""
B8D8121,VOTEM
B8D8126,"Vonger Electronic Technology Co.,Ltd."
E4956E7,NationalchipKorea
E4956EE,Tacom Projetos Bilhetagem Inteligente ltda
E4956E3,"Shanghai DGE Co., Ltd"
E4956E4,Guang Lian Zhi Tong Technology Limited
BC66418,"Shenzhen Yaguang communication CO.,LTD"
E4956E1,Tband srl
BC6641A,EBlink
58FCDBE,Applied Device Technologies
58FCDBD,"XIAMEN LEELEN TECHNOLOGY CO.,LTD"
BC66412,Process-Electronic Sp. z o.o.
58FCDB2,Beseye Cloud Security Co. Ltd.
B01F814,"SHENZHEN YIFANG DIGITAL TECHNOLOGY CO.,LTD."
F40E119,Sterna Security
B01F81B,Rademacher Geraete-Elektronik GmbH
141FBAB,"Newings Communication CO., LTD."
F40E110,"realphone technology co.,ltd"
F40E112,Axel srl
7C70BCB,Tohanã€€Engineeringã€€Corporation
141FBA3,Private
BC3400A,AURALIC LIMITED
A43BFA9,SHEN ZHEN PASUN TECH CO.LTD.
BC34006,Cameron
7C70BC3,FLEXIM GmbH
D076500,"CentrAlert, Inc."
A43BFA3,Circus World Displays Ltd
A43BFA1,"Beijing Uniwill Science and Technology Co,Ltd"
A43BFA0,"Chengdu Territory Technology Co.,Ltd"
D07650D,tecnotron elekronik gmbh
D076509,Greenwave Scientific
7419F8B,"IDEXX Laboratories, Inc"
7419F87,Heptagon Systems PTY. LTD.
7419F8C,Bach Icon ApS
4C4BF9E,Beijing AutoAi Technology co. LTD
4011752,Kanda Kogyo
4011758,"Beijing Gemotech Intelligent Technology Co., Ltd."
4011759,ADH Guardian USA
2085933,"UNILUMIN GROUP CO.,LTD"
2085936,Eilersen Electric A/S
4C4BF9B,Stored Energy Systems
2415106,SHANDONG KEHUI POWER AUTOMATION CO. LTD.
2415103,Kaiyun
DCE533A,Private
DC4427F,Private
2CD1412,IntelliLUM
9806378,"Shenzhen Y&D Electronics Information Co., Ltd"
9806376,BOEING SSG
1C21D1F,Private
D05F64D,"Shenzhen Canzone Technology Co.,Ltd."
FCA47A8,KARRY COMMUNICATION LIMITED
2C16BD0,"Beijing Jishi Huitong Technology Co., Ltd."
2C16BD2,AIMCO
2C16BD7,"SCT OPTRONICS CO., LTD"
2C16BD9,"Shanghai Walktech Information Technology Co.,Ltd."
2C16BD1,Curtiss-Wright Drive Technology
2C16BD3,Saft AB
FCA47AD,"SHENZHEN KUKU TECHNOLOGY CO.,LTD"
FCA47A9,Oberix Group Pty Ltd
8C593C1,"Future Robot Technology Co., Limited"
8C593C5,Spectranetix
8C593C8,Nanonord A/S
B4A2EB8,"SHENZHEN ZHUIFENGMA TECHNOLOGY CO., LTD"
B4A2EBD,SALZBRENNER media GmbH
D0C8578,"Nanjing Magewell Electronics Co.,Ltd"
D0C857C,Dante Security Inc.
BC9740E,B4ComTechnologies LLC
BC97406,"Shenzhen Colorwin Optical Technology Co.,Ltd"
BC9740A,"Amap Information Technology Co., Ltd"
BC9740C,LISTEC GmbH
D0C8570,"YUAN High-Tech Development Co., Ltd."
BC97409,Direct Communication Solutions
BC97404,"Wind Mobility Technology (Beijing) Co., Ltd"
1C8259E,Microtronics Engineering GmbH
6095CE2,"Q-SENTECH Co.,Ltd."
1C82598,"SHENZHEN AOA TECHNOLOGY CO.,LTD"
1C82592,Diatrend Corporation
B0FD0B7,Everynet Oy
848BCD4,Logic Supply
848BCDC,WORMIT
1C82599,"Shanghai Xiaoyan Technology Co., Ltd."
B0FD0B5,"Taian Yuqi Communication Technology Co., Ltd"
B0FD0B9,"Eagle Acoustics Manufacturing, LLC "
B0FD0B2,Vista Manufacturing
8C147D1,Private
1CCAE3F,Private
C82C2B3,RF Engineering and Energy Resource
C82C2B4,iWave Systems Tech Pvt Ltd
C82C2B5,DALCO AG
C86314A,"Optictimes Co.,Ltd"
E41E0A0,Zavod â„?423
E41E0A7,Tritium Pty Ltd
CCD39DE,Shanghai tongli information technology co. LTD
E41E0A5,Aeroel srl
FCD2B69,Winglet Systems Inc.
34E1D11,SAMA NextGen PTE Limited
34E1D1C,"CREW by True Rowing, Inc."
34E1D1D,HI-TECH.ORG
FCD2B62,Soma GmbH
E44CC74,"Beijing Zhongchuangwei Nanjing Quantum Communication Technology Co., Ltd."
E44CC70,Alert Alarm AB
D47C44D,"Huaqin Telecom Technology Co.,Ltd."
4CBC988,"Shenzhen Shanling Digital Technology Development Co.,Ltd."
8CC8F47,Private
E44CC73,"JSC ""Svyaz Inginiring M"""
4CBC984,"Nemon Co., Ltd."
9802D8F,Private
D8860B2,Get SAT
E05A9F7,OMB Guitars LLC
E05A9F1,"AITEC SYSTEM CO., LTD."
C4FFBCE,viRaTec GmbH
E05A9FE,"ShenZhen Arts Changhua Intelligent Technology Co., Ltd"
38B19E4,Basalte BVBA
CCD39D2,Continental Control Systems
CCD39DC,"Hangzhou Scooper Technology Co.,Ltd."
CCD39D0,"INX CO.,LTD."
D425CC6,"Nanjing LES Information Technology Co., Ltd"
D425CCB,Veea
D425CCD,Combined Energy Technologies Pty Ltd
9C69B44,Globalcom Engineering SPA
4C917A1,Inster TecnologÃ­a y Comunicaciones SAU
4C917A7,S.I.C.E.S. srl
9C69B42,"MOZI (Shenzhen) Artificial Intelligence Technology Co., Ltd. "
9C69B43,"Appareo Systems, LLC"
6CDFFBA,"Guilin Zhishen Information TechonlogyCO.,Ltd"
6CDFFB5,Greenbird Vertriebs GmbH
0CEFAFF,Private
6CDFFBC,Toucan Systems Ltd
98F9C74,Promess GmbH
98F9C71,HighSecLabs
98F9C78,Renalsense
98F9C70,"SHENZHEN HUNTKEY ELECTRIC CO., LTD."
0CFE5D8,"CTK Contact Electronics co., Ltd."
A4580FC,Homebeaver
0CFE5DA,"Fujian Jieyu Computer Technology Co., Ltd."
6C5C3DE,Clinton Electronics Corporation
0CFE5D2,"Dspread International Co.,Limited"
6C5C3D6,"Hangzhou Netease Yanxuan Trading Co.,Ltd"
6C5C3D1,"Shenzhen Justek Technology Co., Ltd"
3C6A2C7,Homegear GmbH
1CFD087,sunweit industrial limited
1CFD080,"InSeat Solutions, LLC"
1CFD08B,guangzhou huiqun intelligent technology co. LTD
1CFD083,"Umeox Innovations Co.,Ltd"
3C6A2CE,Beijing Donghua Hongtai Polytron Technologies Inc
1CFD084,SABIK Offshore GmbH
1CFD082,HiHi Ltd
D02212F,Private
CC1BE0F,Private
300A60D,Sixth Energy Technologies Private Limited
3C6A2C0,Rio Lago Technologies  LLC
3C6A2C6,La BarriÃ¨re Automatique
300A60E,Imageo s.r.o.
300A605,A9
300A600,"KAZUtechnica Co.,Ltd."
300A603,Private
74E14AF,Private
C88ED1F,Private
A028339,IMESHX CORPORATION LIMITED
A4ED439,"Heyuan intelligence technology CO.,Ltd"
A028334,Firm INFORMTEST Ltd.
A028337,Kryptus Information Security S/A
A028335,JGR Optics Inc
3009F97,Maytronics Ltd.
3009F91,"Shenzhen Sunvell Electronics Co., Ltd."
3009F9A,"Shenzhen Tencent Computer System Co., Ltd."
3009F95,VELSITEC-CLIBASE
9CF6DD8,Savari Inc
58E8760,Private
3009F96,"Beijing Mydreamplus Information Technology Co., Ltd."
3009F98,essence security
8489ECA,Newell Brands
8489ECB,EPSa Elektronik & PrÃ¤zisionsbau Saalfeld GmbH
9CF6DD3,"RYEEX Technology Co.,Ltd."
9CF6DDC,"Lighting New Energy Technology Co., Ltd."
C083599,"Shenzhen Pay Device Technology Co., Ltd."
C08359E,"Cyber Sciences, Inc."
C08359C,Private
04C3E6B,Flintec UK Ltd.
C083595,"Viper Design, LLC"
C083592,Huaxin SM Optics Co. LTD.
04C3E63,"Extech Electronics Co., LTD."
04C3E65,Invasys
3C427E0,Grandway Technology (Shenzhen) Limited
04C3E69,Ekin Teknoloji San ve Tic A.S.
B44BD6E,"CHUNGHSIN INTERNATIONAL ELECTRONICS CO.,LTD."
3C427E4,Teknoware Oy
B44BD69,"Qstar Technology Co,Ltd "
D47C440,Exafore Oy
B44BD68,Arnouse Digital Devices Corp
D47C443,"OMRON SENTECH CO., LTD."
D47C441,Innoviz Technologies LTD
D47C44A,Tendzone International Pte Ltd
A019B2A,Adomi
A019B24,Osatec
A019B29,Lon Microsystems Inc.
2C48359,SureFlap Ltd
CCD31EE,"ShenZhenBoryNet Co.,LTD."
2C48352,Rheonik Messtechnik GmbH
2C4835C,Santec Corporation
2C48356,Exertus Oy
8C1CDA6,LocoLabs LLC
8C1CDAE,"Electronic Controlled Systems, Inc."
8C1CDAC,Alcidae Inc
3C24F04,Inter-Coastal Electronics
3C24F00,"SHENZHEN PINSIDA TECHNOLOGY CO.,LTD."
3C24F03,Wisycom
8C1CDA2,GEOMC
3C24F02,Laipac Technology Inc.
0C73EB9,"Beijing L&S Lancom Platform Tech. Co., Ltd. "
0C73EB1,EVERSEC TECHNOLOGY CORPORATION
0C73EB8,"Beijing Miiiw Technology Co., Ltd"
0C73EBC,"Shenzhen Samchung Video Technology Co., Ltd."
480BB2A,"XIAMEN RONGTA TECHNOLOGY CO.,LTD."
480BB27,Beijing Dragon Resources Limited.
480BB22,"Thales CETCA Avionics CO., Ltd"
885FE8D,"zhejiang yuanwang communication technolgy co.,ltd"
885FE84,"Beijing laiwei Technology  Co.,Ltd"
885FE8C,Inor Process AB
301F9AE,Shenzhen Fengliyuan Energy Conservating Technology Co. Ltd
B8D8128,Visual Productions BV
301F9A7,Triax A/S
F041C88,"POSTIUM KOREA CO., LTD."
301F9AC,Origami Group Limited
F041C80,"LINPA ACOUSTIC TECHNOLOGY CO.,LTD "
301F9A4,"NCM Supplies, Inc."
F041C85,"XI'AN MEI SHANG MEI WIRELESS TECHNOLOGY.Co., Ltd."
88A9A7B,TWK-ELEKTRONIK
88A9A7C,AndroVideo Inc.
88A9A73,Mikroelektronika
88A9A79,FlashForge Corporation
88A9A72,Honeywell spol. s.r.o. HTS CZ o.z. 
A4DA229,Malldon Technology Limited
C4FFBC6,"Shenzhen C & D Electronics Co., Ltd."
C4FFBC8,"ShenZhen ZYT Technology co., Ltd"
DCE5336,WECAN Solution Inc.
A4DA226,AURANEXT
C4FFBCD,Beijing  KDF information technology co. LTD.
C4FFBCA,Advanced Navigation
9C431E8,Wunda Group plc
9C431E9,"""CONTINENT"" Co. Ltd"
C4FFBC2,"Mobiletron Electronics Co., Ltd"
C4FFBCC,"KyongBo Electric Co., Ltd."
9C431E3,Advanced Logic Technology (ALT) sa
9C431E5,ProMOS Technologies Inc.
282C026,Lookman Electroplast Industries Ltd
282C027,Telecom and Microelectonic Industries
282C029,"Systec Intelligent Building Technology (Tianjin) Co.,Ltd."
F8B5682,"Shenzhen New-Bund Technology Co., Ltd."
F8B5689,"Beijing Wanji Techonology Co., Ltd."
282C023,Dexin Digital Technology Corp. Ltd.
9C431E6,R-S-I Elektrotechnik GmbH  CO KG
F8B568E,ZAO &quot;RADIUS Avtomatika&quot;
4048FD8,Dorel Juvenile
4048FD5,The 52nd Research Institute of China Electronic Technology Group Corporation
F8B568C,"3SI Security Systems, Inc"
F8B5687,"CloudMinds (Shenzhen) Holdings Co., Ltd"
F8B568A,SinePulse GmbH
4048FDD,NOX Systems AG
4048FD0,"BEIJING C&W ELECTRONICS(GROUP)CO.,LTD"
3873EA9,"Lightform, Inc."
EC9F0D6,"Shenzhen Compare Electronics Co., Ltd"
3873EA6,Live Sentinel
EC9F0D1,Simula Technology Inc.
EC9F0D8,"Zhejiang HEJU Communication Technology Co., Ltd"
34D0B8B,OROSOUND SAS
AC1DDF7,"Green IT Korea Co., Ltd."
AC1DDF5,"Shenzhen Ouzheng Electronic Tech Co,.Ltd"
AC1DDF4,Motec Pty Ltd
CC22379,E Ink Corp
CC2237A,shenzhen zonglian network technology limited
741AE01,Socionext Inc.
CC22378,Safilo S.p.A.
2C279E1,Electronique Bluewave Inc.
2C279EA,Exegy Inc
904E91B,"Shanghai JaWay Information Technology Co., Ltd."
B8D8120,Glamo Inc.
2C279E7,FOCAL-JMLab
189BA5D,legendsky tech 
189BA5A,SHENZHEN FIONEXX TECHNOLOGIES LTD.
189BA57,"Beijing Xinertel Technology Co., Ltd."
904E91C,Showtacle s.r.o.
189BA5E,"Taiwan Name Plate Co.,LTD"
189BA55,Starfire Industries LLC
CC1BE00,"Microtech System,Inc  "
189BA50,Dectris Ltd.
904E913,Teleepoch Ltd
34298FD,Keystone Electronic Solutions
28F537E,Performance Motion Devices
28F5379,Herbert Waldmann GmbH & Co. KG
28F5376,MyOmega Systems GmbH
78D8005,BjÃ¶rkviks Consulting AB
78D800B,Maddalena S.p.A.
78D8009,SightLine Applications
7CBACCB,Briowireless Inc.
7CBACC7,Virgin Orbit
7CBACCD,SIGMA-ELEKTRO GmbH
F88A3CA,Protos GmbH
4C65A85,TEL-Electronics Ltd
F88A3C8,"Cadmus Electronic Co.,Ltd."
F88A3C1,Carefree of Colorado
F88A3C5,KOKKIA INC
F88A3C6,Beijing Zhong Chuang Communication Technology Ltd.
F88A3C4,"GO-LINK TECHNOLOGY CO., LTD."
8C147DE,Electrical & Automation Larsen & Toubro Limited
4C65A84,Plus One Japan Limited
A0C5F24,AiCare Corp.
8C147DB,Bausch Datacom NV/SA
8C147DD,Shenzhen  Lanxus  technology Co. Ltd.
F023B9A,Annapurna labs
F023B93,BSP RUS Ltd.
F023B91,Ubiant
F023B9B,Q Core Medical Ltd
40ED98A,Integrated Design Ltd
8C147D0,Nio
04714BD,"Shenzhen BoClouds Technology Co.,Ltd."
04714B5,Bureau Electronique Appliquee
04714B3,Griesser Electronic AG
60D7E36,Ameli s.r.l.
08ED02E,Telstra Corporation Limited
98AAFC0,"Dalian Eastern Display Co., Ltd."
144FD7E,"Edan Instruments, Inc."
08ED02D,Origami Energy Ltd
98AAFC1,SURTEC
144FD7D,"Shanghai B&A Technology Co., Ltd"
144FD79,Emerson Network Power (India) Pvt. Ltd.
A411637,"SHENZHEN YIWANJIA INFORMATION TECHNOLOGY CO.,LTD"
144FD75,FLS FINLAND OY
A411635,"Carbon, Inc."
A41163D,"SHENZHEN ZHISHI TECHNOLOGY CO., LTD."
1CA0D30,OOO Tekhnotronika
A41163B,Moog Music Inc.
40F3858,Teleepoch Ltd
40F3850,SubPac
40F3852,Beijing Zongheng Electro-Mechanical Technology Development Co.
8CC8F4E,Evaporcool Solutions
40F385A,Creanord
40F385D,Digital Bros S.p.A.
40A36B6,Securiton AG
8CC8F42,Dark Horse Connect LLC
8CC8F4C,"Shenzhen KSTAR Science and Technology Co., Ltd"
50A4D0A,"Changsha SinoCare, Inc"
8CC8F48,Strongbyte Solutions Limited
50A4D0D,Axel Technology
50A4D0E,Sagetech Corporation
50A4D04,Raven Industries Inc.
40ED982,A-IOX INC.
3.40E+10,"Life Interface Co., Ltd."
3.40E+04,GoChip Inc.
500B910,"Igor, Inc."
40ED981,"GuangZhou FiiO Electronics Technology Co.,Ltd"
40ED98C,"BloomSky,Inc."
A4580F1,"Stone Lock Global, Inc."
A4580F8,AIR LIQUIDE MEDICAL SYSTEMS
A4580F9,Ksenia Security srl
500B914,Sinope technologies Inc
7CCBE22,1000eyes GmbH
7CCBE26,SY Electronics Limited
7CCBE2E,Aplex Technology Inc.
500B912,Annapurna labs
7CCBE29,"Hangzhou Haohaokaiche Technology Co.,Ltd."
7CCBE25,"DTECH Labs, Inc."
4865EE6,"shenzhen sunflower technologies CO., LIMITED"
244E7B7,"Nanjing Wanlida Technology Co., Ltd."
4865EE0,DefPower Ltd
4CE1739,"Shenzhen Evolution Dynamics Co., Ltd."
1CC0E1B,Exigent Sensors
1CC0E19,Ospicon Company Limited
1CC0E1D,NewLand (NZ) Communication Tech Limited
AC64DDA,Bluewave Global Manufacturing Limited
AC64DD8,PFDC ELANCYL
AC64DD2,"Shenzhen PuHua Technology Co., Ltd"
4CE1731,Nexoforge Inc.
AC64DD7,Wittmann KunststoffgerÃ¤te GmbH
383A215,OOO NPP Uraltechnologiya
383A210,R3C Information(Shenzhen) Co.ï¼ŒLtd.
383A211,HOBART GmbH
F81D78E,"GUANGDONG ENOK COMMUNICATION CO., LTD."
F81D787,"WUHAN GUIDE INFRARED CO.,LTD"
F81D78B,SigmaConnectivityAB
C0D3911,B9Creations
F0ACD7E,"Fiziico Co., Ltd."
F0ACD7B,"Zhejiang Makepower Electronics,Inc."
986D35C,my-PV GmbH
B0C5CA0,EM-Tech
2836385,CHARGELIB
2836386,Georg Neumann GmbH
8C192DD,Pyras Technology Inc.
8C192D6,smartHome Partner GmbH
1C87760,Dspread Technology (Beijing) Inc.
8C192D0,"Noritsu Precision Co., Ltd."
78CA83A,Eksagate Elektronik MÃ¼hendislik ve Bilgisayar San. Tic. A.Åž.
D0D94FA,"Shenzhen FDC Electuonic Co.,Ltd."
D0D94FC,ARROWAVE TECHNOLOGIES LIMITED
CCD31EC,NantEnergy
CCD31E4,PJG Systementwicklung GmbH
E0B6F5E,Advatek Lighting Pty Ltd
E0B6F52," Shanghai- British Information Technology Co., Ltd"
E0B6F55,"Shenzhen Civicom Technology Co.,Limited"
E0B6F59,Motiveprime Consumer Electronics Pvt Ltd
2C265FC,AATON DIGITAL
50FF993,Yongjing Shanghai Electronic Science and Technology 
50FF995,Garrison Technology
7C477CE,I-Convergence.com
986D355,PDAHL 
38FDFE8,Indra Navia AS
38FDFE9,OOO Group of Industrial Technologies
7C477C4,RLC Electronics Systems
7C477C9,"DaLian Cheering Tech Co.,Ltd"
5CF2867,Access IS
38B8EBC,Ajax Systems Inc
38B8EB9,NHS Sistemas de Energia
38FDFEB,Swedish Adrenaline AB
38FDFE0,"Edge I&D Co., Ltd."
38FDFEA,Management Service Corporation
38B8EB0,"Bumjin C&L Co., Ltd."
38B8EB4,UMLOGICS
38B8EBA,SECAD SA
78CA834,"Pinhole (Beijing) Technology Co., Ltd."
78CA833,Neofon GmbH
78CA832,APC
78CA836,Nomiku
1C8879E,Orion Labs inc
1C8879D,"Beijing Raycores Technology Co.,Ltd"
1C87748,"Surtec Industries, Inc"
1C8774A,Nebbiolo Technologies
1C88794,Ultraflux
1C87749,Wide World Trade HK ltd.
1C8776D,Qivivo
1C87743,Silora R&D
1C87741,SIGFOX
1C87769,Tokyo Drawing Ltd.
1C87768,"Guangzhou Video-Star Electronics Co.,Ltd."
1C87767,Corporate Systems Engineering 
1C87766,philandro Software GmbH
1C87790,Wurm GmbH & Co. KG Elektronische Systeme
1C87762,Ibeo Automotive Systems GmbH
1C87763,Unjo AB
40A36BD,"FAOD Co.,Ltd."
8439BE9,Guangdong SunMeng Information Technology Co. Ltd.
8439BE6,"Shenzhen IP3 Century Intelligent Technology Co., Ltd"
1C87793,Visual Land Inc.
70886BB,"Beijing Strongleader Science & Technology Co., Ltd."
70886BC,"MAX4G, Inc."
70886B0,Veracity UK Ltd
70886BA,"RHXTune Technology Co.,Ltd"
70886B4,"HORI CO., LTD."
40A36B2,TOPROOTTechnology Corp. Ltd.
800A801,"Dongguan I-Chime electrinics Co.,Ltd"
CC1BE0B,ART&CORE Inc
A03E6B6,"Wuhan Rui Ying Tong Network Technology Co., Ltd(China)"
A03E6B3,iLoda Solutions Limited
0055DA0,"Shinko Technos co.,ltd."
CC1BE07,Sichuan Dianjia network technology Co.Ltd.
CC1BE02,"i-Trinetech Co.,Ltd."
A03E6B7,SinoGrid Software Systems Inc.
1C21D13,"Microview Science and Technology Co.,Ltd"
1C21D14,Scientific-Production Enterprise Dynamics
C88ED1E,Aventics GmbH
C88ED10,AISWORLD PRIVATE LIMITED
B0C5CAC,XMetrics
B0C5CAE,Audio Elektronik Ä°thalat Ä°hracat San ve Tic A.Åž.
DC44279,Neusoft Corporation
DC44275,"Century Audio, Inc."
B0C5CA3,"abode systems, inc."
B0C5CAD,Private
78C2C0E,Huwomobility
B437D1B,"NSI Co., Ltd."
78C2C01,XRONOS-INC
74F8DBD,"Simon Electric (China) Co.,ltd"
78C2C09,SES
B437D1E,Union Tecnologica Noxium S.L.
B437D1D,ZXY Sport Tracking
885D903,CPAC Systems
885D900,"FOSHAN HUAGUO OPTICAL CO.,LTD"
885D90D,Hexaglobe
885D905,Shenzhen JingHanDa Electronics Co.Ltd
74F8DB8,Songam Syscom Co. LTD.
74F8DB6,"Shenzhen Melon Electronics Co.,Ltd"
549A11C,"Xi'an Hua Fan Technology Co.,Ltd."
64FB816,"XIMO Communication Technology Co., Ltd"
807B85E,Mersen
807B85D,Kaynes Technology India Pvt Ltd
549A116,"Orient Direct, Inc."
64FB810,SHANGHAI   SIMCOM   LIMITED
80E4DA5,CAVALRY STORAGE INC
80E4DA6,"BroadMedia Co., Ltd."
80E4DAD,"Dalian Roiland Technology Co.,Ltd"
1CCAE39,SHIN-YOSHA CORPORATION
1CCAE38,OxySec S.r.l.
1CCAE3E,Dabi Atlante S/A Industrias Medico OdontolÃ³gicas
1CCAE33,"Shenzhen Smart Device Technology Co.,LTD"
1CCAE34,"Sunray Medical Apparatus Co.,Ltd."
90C6825,S.A.E.T. S.R.L.
2C6A6FE,EATON FHF Funke + Huster Fernsig GmbH
2CD1411,Ezee Systems Limited
90C682B,Lachmann & Rink GmbH
90C682C,Li Seng Technology Ltd.
2CD141B,Resus Industries
2C6A6F8,Milbank Manufacturing Co.
A0BB3EC,Ewig Industries Macao Commercial Offshore Ltd
2C6A6F2,"NanChang LangJie Technology Co.,Ltd"
9802D8C,AGV spa
9802D82,United Power Research Technology Corp.
A0BB3ED,Shenzhen Talent Technology company limited
2C6A6F5,SHEN ZHEN SIS SCIENCE & TECHNOLOGY LTD.
9802D85,EBI  Ltd.
28FD809,"JINLITONG INTERNATIONAL CO.,LTD"
28FD808,Jasco Products Company
28FD806,Vigil Monitoring
2C265FB,Rexgen Inc.
2C265FD,E Core Corporation
2C265F9,BrÃ¼el & Kjaer Vibro GmbH
28FD80B,Poket Hardware GmbH
28FD80A,Apollo Digital (Taiwan) Ltd.
28FD805,Xiaocong Network Limited
A0BB3E2,DirectOut GmbH
0CEFAF7,Syntrans AB
0CEFAFE,Infinisource Inc.
0CEFAFD,CJSC Â«Svyaz EngineeringÂ»
F802786,"Witium Co., Ltd"
F802788,"EMBUX Technology Co., Ltd."
A44F29C,Shenzhen Huadoo Bright Group Limitied
3C39E76,RO.VE.R. Laboratories S.p.A
3C39E7E,MARPOSS SPA
A44F297,Protean Payment
A44F298,"Innovations in Optics, Inc."
A44F299,Certi Networks Sdn Bhd
3C39E70,Hannstar Display Corp
100723A,TESSERA TECHNOLOGY INC.
1007239,Wireless input technology Inc.
1007234,Audio Engineering Ltd.
1007233,Tongfang computer co.Ltd.
D02212D,"SHENZHEN ZHONGXI SECURITY CO.,LTD"
E81863C,"Shenzhen Hipad Telecommunication Technology Co.,Ltd"
E81863D,"DIGITAL DYNAMICS, INC."
74E14AE,Diamond Kinetics
74E14AC,"Wuhan Shenghong Laser Projection Technology Co.,LTD"
E818635,WETEK ELECTRONICS LIMITED
B8D8127,Neuropace Inc.
74E14A0,Altenburger Electronic GmbH
74E14A1,Cerevo Inc.
E4956E2,"Shanghai Hoping Technology Co., Ltd."
E4956E6,"SHENZHEN JOYETECH ELECTRONICS CO., LTD."
74E14A6,Emerging Technology (Holdings) Ltd.
74E14A2,KLIMAT SOLEC Sp. z o.o.
58FCDBC,"Excenon Mobile Technology Co., Ltd."
58FCDB7,"Open Roads Consulting, Inc."
58FCDB8,Shanghai Qianjin Electronic Equipment Co. Ltd
58FCDB5,"Shenzhen Siecom Communication Technology Development Co.,Ltd."
58FCDB1,Certis Technology International
58FCDB3,Custom Biogenic Systems
BC66410,InSync Technology Ltd
BC66413,"Solectria Renewables, LLC"
BC66419,"Shenzhen General Measure Technology Co., Ltd"
BC66415,Scientific Games
B01F810,"Dalian GigaTec Electronics Co.,Ltd"
F40E11D,DXG Technology Corp.
B01F81E,Advanced & Wise Technology Corp.
B01F811,Uvax Concepts
B01F818,Technion Oy
B01F816,"COMOTA Co., Ltd."
F40E114,Dayang Technology Development Inc.
7C70BCC,Lukup Media
7C70BC9,dogtra
141FBA2,Deutsche Energieversorgung GmbH
7C70BCE,HOPERUN MMAX DIGITAL PTE. LTD.
7C70BC8,Mennekes Elektrotechnik GmbH & Co. KG
7C70BC5,"Canary Connect, Inc."
141FBA9,Black Moth Technologies
A43BFA8,Alpwise
A43BFAD,"JSC â€œComponent-ASUâ€?""Severnyi proezd 1"
7C70BC2,Digital Lumens
BC34004,Dexcel Design Pvt Ltd
D07650E,Revox Inc.
D076506,Picobrew LLC
D076505,Annapurna Labs
7419F8D,"Ansjer Electronics Co., Ltd."
A43BFA4,Maxon Australia
401175A,BWT Tianjin Ltd.
4C4BF9D,"Shenzhen Haichuan Intelligent Information Technology Co., Ltd."
10DCB60,Private
54A493B,Advice
54A4939,Do Easy International Limited
54A493A,"Wonders Technology Co., Ltd."
54A4937,RED Hydrogen LLC
4C4BF96,"Shandong Linkotech Electronic Co., Ltd."
4C4BF93,"Power Active Co., Ltd"
4C4BF90,Multitek Elektronik Sanayi ve Ticaret A.S.
2085932,"Mid Continent Controls, Inc."
3.40E+05,Connected IO
2085939,Private
2415109,Topgolf Sweden AB
2415107,"SuZhou A-rack Information Technology Co.,Ltd"
2085938,AASSET SECURITY
2085935,Wave-In Communication
BC6641F,Private
980637A,Angora Networks
64FB81F,Private
78C2C0F,Private
141FBAF,Private
58FCDBF,Private
74F8DBF,Private
7C70BCF,Private
D07650F,Private
44D5F22,"Shenzhen Hebang Electronic Co., Ltd"
9806374,"Chengdu Shuwei Communication Technology Co.,Ltd"
D05F64C,"Nanjing Huamai Technology Co.,Ltd"
44D5F2B,"Valeo Interior Controls (Shenzhen) Co.,Ltd"
44D5F25,tiga.eleven GmbH
D05F64A,PartnerNET LTD
FCA47AE,Hefei Feier Smart Science&Technology Co. Ltd
FCA47A4,HOOC AG
2C16BD5,"Beijing Zhijian Link Technology Co., Ltd."
FCA47A5,Syfer
FCA47A2,"Ant Financialï¼ˆHang Zhouï¼‰Network Technology Co.,Ltd."
2C16BDE,Molex Incorporated 
D05F644,wallbe GmbH
D05F640,Decathlon SA
B4A2EB1," DCI International, LLC."
B4A2EB6,"ShenZhen Lark Acoustics Co., Ltd. "
2C16BDD,"Hangzhou Yanzhi Technology Co.,Ltd."
B4A2EBE,"Dongguan Finslink Communication Technology Co.,Ltd."
8C593CC,Dantherm Cooling Inc.
B4A2EB3,"Canaan Creative Co.,Ltd."
2C16BD6,"CLOUDWALK TECHNOLOGY CO.,LTD"
D0C8574,Imin Technology Pte Ltd
745BC51,"Beijing Inspiry Technology Co., Ltd. "
D0C857A,shenzhen cnsun
D0C8579,Shenzhen xiaosha  Intelligence  Technology Co. Ltd
D0C8576,"Innovative Industrial(HK)Co., Limited"
300A601,"Beijing Ruiteng Zhongtian TECH Ltd.,Co"
BC97402,Lattec I/S
A43BFAF,Private
D0C8572,FORGAMERS INC.
6095CE7,Cadmo Soluciones SAC
6095CED,GovComm
6095CE1,Ponoor Experiments Inc.
BC97400,"Alpha ESS Co., Ltd."
6095CEA,(UN)MANNED
6095CE9,"Jlztlink Industry(ShenZhen)Co.,Ltd."
6095CE3,Robot S.A.
BC9740D,Rollock Oy
BC3400F,Private
1C82590,"Shandong Luneng Intelligence Technology CO., Ltd"
1C82597,Jump Trading
1C82594,winsun AG
F81D788,TELEOFIS
1C8259D,"Applied Concepts, Inc."
848BCDB,"CHONGQING HUAYI KANGDAO TECHNOLOGY CO.,LTD."
848BCD9,NORALSY
1C8259C,Evondos Oy
1C82595,Fagus-GreCon Greten GmbH & Co. KG
1C82593,"C&A Marketing, INC."
B0FD0BB,"MartinLogan, Ltd."
B0FD0B6,DNESO TEN Ltd.
848BCD1,ShenzhenÂ LTIMEÂ In-VehicleÂ EntertainmentÂ SystemÂ CompanyÂ Limited
B0FD0BC,Haltian Products Oy
807B85F,Private
E41E0A2,IDvaco Private Limited
E41E0A1,Connected Cars A/S
E41E0A9,B METERS S.R.L.
E41E0AB,"Safety Vision, LLC"
E41E0A4,XPR Group
E41E0A6,SFC Energy AG
C86314B,"Shenzhen Lihewei Electronics Co.,Ltd.Hunan Branch"
34E1D18,Hubitat Inc.
34E1D1B,"APG Cash Drawer, LLC"
34E1D1A,OrCam Technologies
C863142,"Tymphany Acoustic Technology (Huizhou) Co., Ltd."
FCD2B66,"Cirque Audio Technology Co.,Ltd"
FCD2B61,LINK (FAR-EAST) CORPORATION
FCD2B64,"SHEN ZHEN XIN HAO YUAN PRECISION TECHNOLOGY CO.,L TD"
FCD2B67,Teamly Digital
745BC5E,"Qingdao Wintec System Co., Ltd"
745BC52,"SIGLENT TECHNOLOGIES CO., LTD."
745BC56,Yekani Manufacturing PTY Ltd
745BC57,"SHENZHEN ATX TECHNOLOGY CO.,LTD "
E44CC79,Ottomate International Pvt. Ltd.
E44CC71,ACS-Solutions GmbH
E44CC7D,Telo Systems Limitd
E44CC7B,SmallHD
745BC55,SpringCard
745BC50,IRS Systementwicklung GmbH
1CA0D37,Private
28FD80F,Private
E05A9FC,"ShenZhen Mornsun Smartlinker Limited Co., LTD"
4CBC98D,"Elink Technology (Shenzhen) Co., Limited"
E05A9F8,"Fujian Newland Auto-ID Tech. Co.,Ltd."
4CBC980,Charge-Amps AB
38B19EE,ShenZhen ShuaiXian Electronic Equipment Co.Ltd
D8860B3,Auvidea GmbH
28F5378,1MORE
D8860BC," YUSAN INDUSTRIES LIMITED â€?""UNIT 8-9"
D8860BB,Library Ideas
D8860BD,ComNav Technology Ltd.
38B19E5,Star Electronics GmbH & CoKG
38B19E2,HDANYWHERE
38B19EA,"Aeroespacial Guosheng Technology Co., Ltd"
D8860BE,"Shenzhen Yidong Technology Co.,Ltd"
D8860B8,VRINDA NANO TECHNOLOGIES PVT LTD
38B19E0,Triple Jump Medical
38B19E8,BoCo Inc.
38B19EC,Gesellschaft industrieller Technologien 
CCD39DB,"Q-Branch Labs, Inc."
CCD39D4,"Shenzhen Chenggu Technology Co., Ltd"
CCD39D6,Krontech
CCD39D9,Bejing Nexsec Inc.
CCD39D8,Obelisk Inc.
D425CC9,TAKUMI JAPAN LTD
9C69B4E,"NINGBO SHEN LINK COMMUNICATION TECHNOLOGY CO., LTD"
4C917A6,Openeye
4C917A3,Smart Access
9C69B40,"Suzhou Fitcan Technology Co.,LTD"
9C69B4C,"Guangdong Hanwei intergration Co.,Ltd"
9C69B46,Shenzhen jiahua zhongli technology co.LTD
6CDFFBD,"Nanjing Buruike Electronics Technology Co., Ltd."
4C917AC,Alibaba (Beijing)â€‚Software Service Inc.
4C917A5,mtekvision
7CBC84E,"Beijing Topnew Group Co., Ltd"
7CBC848,"Shenzhen Kuang-chi  Space Technology Co., Ltd."
6CDFFB4,Lineable Inc
98F9C7E,"NC-LINK Technology Co., Ltd."
7CBC84D,VANTAGE INTEGRATED SECURITY SOLUTIONS PVT LTD
7CBC843,Shanghai Yitu Technology Co. Ltd
0CFE5D6,"Antailiye Technology Co.,Ltd"
0CFE5D4,"Yantai Dongfang Wisdom Electic Co.,Ltd."
98F9C72,Pozyx NV
0CFE5D5,SELECTRIC Nachrichten-Systeme GmbH
0CFE5D7,Vermes Microdispensing GmbH
100723F,Private
6C5C3D9,IskraUralTEL
6C5C3D4,"HTI Co., LTD."
A83FA17,Plejd AB
A83FA1E,"Guangzhou Navigateworx Technologies Co., Limited"
A83FA1A,"Shanghai East China Computer Co., Ltd"
A03E6BF,Private
A83FA1C,"Laonz Co.,Ltd"
3C6A2C3,"figur8, Inc."
300A606,Realtime biometrics India pvt ltd
A4ED436,"Shanghai  Facom  Electronics Technology  Co, ltd."
300A602,"Advanced Electronic Designs, Inc."
A028333,"SHANGHAI XUNTAI INFORMATION TECHNOLOGY CO.,LTD."
A028331,Ordercube GmbH
A02833A,Medical Evolution Kft
A028338,HZHY TECHNOLOGY
A4ED435,"Beijing ICPC CO.,Ltd."
A4ED434,NETAS TELEKOMUNIKASYON A.S.
A4ED43A,"Guangzhou Maxfaith Communication Technology Co.,LTD."
8489ECD,Price Industries Limited
3009F9E,"ZhongLi HengFeng (Shenzhen) Technology co.,Ltd."
3009F9B,"Sichuan Nebula Networks Co.,LTD."
8489EC2,thousand star tech LTD.
9CF6DDE,Shanxi ZhuoZhi fei High Electronic Technology Co. Ltd.
B8D8122,"IPM Sales and service Co.,Ltd."
9CF6DD2,"Beijing Sifang Automation Co., Ltd."
9CF6DD5,b8ta Inc.
9CF6DD0,Annapurna labs
3009F9C,Honeywell
C083590,CHONGQING JIUYU SMART TECHNOLOGY CO.LTD.
04C3E66,"Shenzhen Shuotian Information Technology Co., LTD"
04C3E67,"Advanced Digital Technologies, s.r.o."
04C3E61," Guangdong New Pulse Electric Co., Ltd."
3C427EE,"Xiaoniu network technology (Shanghai) Co., Ltd."
04C3E62,SiS Technology
3C427E1,"Dongguan Taide Industrial Co.,Ltd."
D47C442,"YunDing Network Technology (Beijing) Co., Ltd"
D47C449,"Suzhou Wan Dian Zhang Network Technology Co., Ltd"
B44BD6A," Shenzhen Huabai Intelligent Technology Co., Ltd."
3C427E7,"GJS Co., Ltd."
3C427E9,TAITEX CORPORATION
B44BD6C,Impakt S.A.
A019B23,"Power Diagnostic Service Co., LTD."
CCD31ED,CUJO LLC
A019B2C,LDA Technologies
A019B20,Vast Production Services
74F8DBA,"Ballard Technology, Inc,"
2C48358,DPS Electronics
2C4835B,Shanghai Visteon Automotive Electronics System CO. Ltd.
8C1CDA4,"Anntec ï¼ˆBeijingï¼?Technology Co.,Ltd."
3C24F05,"CASKY eTech Co., Ltd."
0C73EB6,Green Fox Electro AS
8C1CDAA,"China Potevio Co., Ltd"
3C24F0D,Travis Holding B.V.
3C24F01,Abrites Ltd.
480BB25,Solaredge LTD.
480BB23,"shanghai Rinlink  Intelligent Technology Co., Ltd."
885FE8E,"Unicom Global, Inc."
301F9A8," FINE TRIUMPH TECHNOLOGY CORP.,LTD."
301F9A5,"Beijing Surestar Technology Co. Ltd,"
301F9A0,ILSAN ELECTRONICS
301F9A1,Dewesoft d.o.o.
F041C83,"SHENZHEN WISEWING INTERNET TECHNOLOGY CO.,LTD"
88A9A74,"Thomas & Darden, Inc"
F041C8B,Powervault Ltd
A4DA22C,EHO.LINK
88A9A7A,"Zhejiang Haoteng Electronic Technology Co.,Ltd."
DCE533E,Giant Power Technology Biomedical Corporation
DCE533D,Suzhou ATES electronic technology co.LTD
DCE533C,BRCK
DCE5334,"shenzhen bangying electronics co,.ltd"
DCE5339,Tiertime Corporation
DCE5330,FLYHT Aerospace
9C431EC,"SuZhou Jinruiyang Information Technology CO.,LTD"
9C431EB,JNL Technologies Inc
C4FFBC4,"iMageTech CO.,LTD."
C4FFBC3,"SHENZHEN KALIF ELECTRONICS CO.,LTD"
282C02C,"Epoch International Enterprises, Inc."
282C024,EFENTO T P SZYDÅOWSKI K ZARÄ˜BA SPÃ“ÅKA JAWNA
F8B5681,PT. Eyro Digital Teknologi
4048FD3,RL Controls LLC.
4048FD4,Dynamic Engineering
4048FDB,"Magenta Labs, Inc."
4048FD1,Fast Programming
4048FDE,SMART SENSOR DEVICES AB
3873EA2,"Eyesight(Shanghai)Communication Technology Co.,Ltd."
3873EA0,"L-3 Communications Mobile-Vision, Inc."
3873EA8,"Rock Electronic Co., Ltd."
EC9F0D5,"Paw-Taw-John Services, Inc."
EC9F0D0,"Hesai Photonics Technology Co., Ltd"
EC9F0DC,Sarcos Corp
EC9F0D9,FCI
EC9F0D7,Bei jing Lian Shan times Techonology Co.Ltd
34D0B85,eesy-innovation GmbH
34D0B88,Vtrek Group International Ltd.
34D0B82,Blustream Pty Ltd
AC1DDF3,CRDE
34D0B83,"Tascent, Inc."
741AE0A,SAIERCOM CORPORATION
741AE06,Blocks Wearables Inc.
741AE0D,Voltaware Services Limited
549A115,Elotech Industrieelektronik GmbH
CC22374,SHANGHAI CARGOA M.&E.EQUIPMENT CO.LTD
CC2237C,"Hebei ZHSF Technology Co.,Ltd."
CC22373,XConnect Professional Services
2C279E5,AudioNord Distribution A/S
189BA51,"ChengDu Vantron Technology, Ltd."
904E919,CUTTER Systems spol. s r.o.
904E915,mcf88 SRL
904E917,IBM
904E912,"North Pole Engineering, Inc."
50FF99E,Informa LLC
904E916,Nuwa Robotics (HK) Limited Taiwan Branch
904E910,Spirtech
34298F2,"Shenzhen Advance River System Technology Co., Ltd"
34008AD,"ChengDu HuiZhong Cloud Information Technology Co., Ltd."
28F5377,"Shenzhen Modern Cowboy Technology Co.,Ltd.     "
28F5373,PRIMETECH ENGINEERING CORP.
34008A9,Keruyun Technoligies(Beijing) Corporation Limited
34008A2,"RPE ""Monitor"""
34008AC,"Shenzhen Eternal Idea Tech Co.,Ltd"
34008A4,Fotonic i Norden AB
28F5371,Umojo
28F5375,Atomrock LLC
28F537D,Skyrockettoys LLC
28F5370,Valeo Siemens eAutomotive Norway
28F537B,LogiM GmbH Software und Entwicklung
78D800A,"Insignal Co., Ltd."
7CBACC4,Sun Asia Trade Co.
7CBACC1,"Changsha SUNYE Electric Co., Ltd."
78D8004,CS Instruments GmbH
AC64DDD,HMicro Inc
4C65A8A,"Suzhou Embedded Electronic Technology Co., Ltd."
F88A3C3,Shenzhen Shengyuan Tech Ltd.
4C65A83,Roost
F88A3C2,KLATU Networks Inc
A0C5F2E,Synapsys Solutions Ltd.
A0C5F21,KNS Group LLC (YADRO Company)
A0C5F22,Speedgoat GmbH
A0C5F27,Viettronimex JSC
04714B0,Neurio Technology Inc.
04714B9,"Lighthouse AI, Inc"
F023B99,Emu Technology
F023B95,Audeara Pty. Ltd.
60D7E31,Elap s.r.l.
04714BB,"DIGIBEST TECHNOLOGY CO., LTD."
04714BC,KittyHawk Corporation
1CC0E17,"SHENZHEN KINSTONE D&T DEVELOP CO.,LTD"
08ED027,Eleven Engineering Incorporated
08ED022,TES Touch Embedded Solutions Inc.
98AAFCB,Resonant Systems Inc.
98AAFC2,"Shenzhen UniStrong Science & Technology Co., Ltd"
98AAFCA,"SENKO Co.,Ltd."
08ED028,"HANTAS CO., LTD."
144FD74,Red Technology Limited
144FD73,"Qingdao Wodatong Electronics Co., Ltd."
144FD7A,Unirobot Corporation
A411636,"Beijing XiaoRui Technology Co., Ltd"
1CA0D32,"NovTech, Inc."
40F385B,URMET Home & Building Solutions Pty Ltd
40F3851,Johnson Matthey
8CC8F45,"Beijing KXWELL Technology CO., LTD "
40F385C,Clixxo Broadband Private Limited
50A4D0C,"Beijing YangLian Networks Technology co., LTD"
8CC8F4D,"Beijing Xinxunxintong Eletronics Co.,Ltd"
8CC8F4B,"PTYPE Co., LTD."
50A4D03,"Guangzhou Hysoon Electronic Co., Ltd."
3.40E+08,"Harbin Yantuo Science and Technology Development Co., Ltd"
40ED98D,"Hangzhou GANX Technology Co.,Ltd."
40ED989,TeraTron GmbH
40ED98E,BORDA TECHNOLOGY
500B913,EWIN TECHNOLOGY LIMITED
500B916,Security Alarms & Co. S.A.
A4580F7,"Changsha Tai Hui Network Technology Co.,Ltd"
A4580FB,ABB AB PGHV
A4580F3,Engineered SA
7CCBE2D,optilink networks pvt ltd
7CCBE24,"Ningbo bird sales co.,LTD"
4865EEE,CNU
4865EE5,Swistec Systems AG
100723C,"Shenzhen Xinfa Electronic Co.,ltd"
244E7B1,sonoscape
244E7BB,"Mighty Audio, Inc."
244E7B3,"Shenzhen Ruixunyun Technology Co.,Ltd."
244E7BC,"CHUNGHSIN TECHNOLOGY GROUP CO.,LTD"
1CC0E12,Abbott Medical Optics Inc.
1CC0E16,"Monument Labs, Inc."
4CE173D,KTC(K-TEL)
AC64DDC,"Beijing Hamigua Technology Co., Ltd."
4CE1730," Beijing Sutongwang E-Business Co., Ltd"
383A21C,Mission Embedded GmbH
F81D785,DACONS
383A213,"Shanghai Greatwall Safety System Co.,Ltd"
F81D789,Ophrys SystÃ¨mes
70F8E73,Dr. Simon Consulting GmbH
F81D782,Xperio Labs Limited
70F8E7A,TiVACI CORPORATION PTE LTD
84E0F4C,AIMTRON CORPORATION
84E0F43,ASL Intercom B.V.
84E0F4B,"Orchard Electronics Co., Ltd."
C0D391E,SAMSARA NETWORKS INC
C0D391A,"Alpha Audiotronics, Inc."
C0D391C,Zhinengguo technology company limited
84E0F40,ShenZhen Panrich Technology Limited
58E8769,TEM Mobile Limited
C0D3915,"WiTagg, Inc"
F0ACD7D,"Smart Power Technology Co., Ltd."
58E8764,PROBIT SRL
F0ACD7A,Groupeer Technologies
2836389,"Shenzhen  Zhi Hua  Creative Technology  Co., Ltd."
5CF2860,"Hangzhou Signwei Electronics Technology Co., Ltd"
2836381,Panasonic System Solutions Europe
8C192D5,"ELCO(TIANJIN)ELECTRONICS CO.,LTD."
D0D94F2,"Teco Image Systems Co., Ltd."
D0D94F6,Hyundai Autohow
D0D94F9,"Hangzhou xiaoben technology co.,Ltd"
D0D94F1,mycable GmbH
D0D94FB,"MAX Smart Home, LLC"
CCD31E3,KEN A/S
CCD31E2,Neptune Systems
CCD31E0,SAMIM Co
CCD31E1,Rondo Burgdorf AG
C47C8D0,ATI
6891D06,femrice
C47C8DE,Labor Strauss Sicherungsanlagenbau GmbH
C47C8D1,LYNX INNOVATION LITIMED
6891D00,Central Railway Manufacturing
6891D02,"Shenzhen NeaTech Intelligence Technology Co., Ltd."
E0B6F57,Shenzhen Xrinda Technology Ltd
E0B6F50,BeSTAR Corporation
50FF999,"Sea Eagle Optoelectronic Information Technology(Tianjin)co,Ltd"
986D353,DH Mechatronic AG
50FF990,Simicon
50FF996,LEGEND WINNER LIMITED
986D350,"Shenzhen MALATA Mobile Communication Co.,LTD"
7C477CA,Dspread Technology (Beijing) Inc.
7C477C7,BlueSmart Technology Corporation
7C477CD,Speedifi Inc
5CF2864,"CHIPSEN Co.,Ltd."
5CF2861,iSon Tech
38FDFE6,Inspero Inc
38FDFED,FUBA Automotive Electronics GmbH
38B8EB1,1.A Connect GmbH
78CA83E,Konecranes
38B8EB3,Aina Wireless Inc
78CA835,"Huatune Technology (Shanghai) Co., Ltd."
1C88797,"Sensys Networks, Inc."
1C87746,Schawbel Technologies LLC
1C8774B,HABEY USA Inc.
1C88793,"Shenzhen Xiaoxi Technology Co., Ltd."
1C88795,"SHENZHENFREELINK ELECTRONIC CO.,LTD"
1C8776C,Strone Technology
1C8776A,"Jiangsu ETERN COMMUNICATION Co.,ltd"
1C87765,"Zhuhai MYZR Technology Co.,Ltd"
1C88799,Xingtera China Ltd
1C87794,Novetta
8439BE5,Neat S.r.l.
8439BE4,"Shenzhen Ramos Digital Technology Co,.Ltd."
40A36B5,National Research Council of Canada
40A36BA,Embrionix Design Inc.
70886B5,Chengdu Ophylink Communication Technology Ltd.
70886B2,CVnet
CC1BE0C,"Guangzhou Southelectric Power Science Technology Development Co.,Ltd."
A03E6BD,Jining SmartCity Infotech Co.Ltd.
0055DA1,KoolPOS Inc.
CC1BE04,Laserworld (Switzerland) AG
0055DA4,Datapath Limited
0055DA8,"BroadSoft, Inc."
0055DA5,Nanoleaf
0055DAA,Speechlab
C88ED1B,Advanced Micro Controls Inc.
C88ED18,"Electronic Controls Design, Inc."
C88ED19,"Focalcrest, Ltd."
A03E6BA,Shenzhen Neostra Technology Co.Ltd
B0C5CA6,"SunTech Medical, Inc."
DC44272,"Skywave Technology Co,.Ltd."
DC44276,EK-TEAM Elektronik- u. Kunststoff-Technik GmbH
DC44277,EcoGuard AB
B0C5CA4,"shanghai University Ding-Tech software Corp.,ltd"
78C2C0C,"Shanghai Hanyi Technologies Co,.Ltd."
B437D1C,"NANJING PUTIAN TELECOMMUNICATIONS TECHNOLOGY CO.,LTD."
B437D19,Nanjing yuekong Intelligent Technology
78C2C03,"Ningbo Sanxing Electric Co., Ltd."
78C2C02,RONIX incorporated
74F8DBC,"TBM CO., LTD."
74F8DBE,Bernard Krone Holding GmbH & Co. KG
B437D15,"Stratom, Inc."
B437D14,KOMSIS ELEKTRONIK SISTEMLERI SAN. TIC. LTD.STI
B437D18,eInfochips Limited
549A11B,"Elite Silicon Technology, Inc."
549A118,"Tite, Inc."
74F8DB0,Enercon Technologies
885D90E,Unitac Technology Limited
885D90A,"Shenzhen Speedrun Technologies Co.,Ltd."
74F8DBB,Capwave Technologies Inc
74F8DB9,Avantree Corporation
885D908,Creative Sensor Inc.
885D902,"DAIDONG Industrial System Co., Ltd."
807B855,EFCO
807B853,"Zhuhai TOP Intelligence Electric Co., Ltd."
807B851,"Hangzhou Synway Information Engineering Co., Ltd"
807B854,"Quantel USA, Inc."
549A119,Alfen BV
549A112,Torrap Design Limited
64FB817,Securosys SA
1CCAE35,TengFeng
80E4DA1,"Guangzhou Pinzhong Electronic Technology CO., LTD"
80E4DA2,Thurlby Thandar Instruments LTD
1CCAE3A,SIREA
2CD141C,"PIN SHANG LED Co., LTD."
2CD1414,"Shanghai RW ELE&TEC CO.,LTD"
90C682D,PowerShield Limited
2C6A6FD,Holjeron
2C6A6FC,Sensity Systems
90C6824,"Neone, Inc."
9802D89,"Navroom Beijing, China"
9802D8A,HySecurity
9802D87,Ormazabal Protection&Automation
A0BB3EB,"Beijing Techshino Technology Co., Ltd."
9802D8D,Promicon Elektronik GmbH + Co.KG
9802D8B,"HANSHIN MEDICAL CO., LTD."
9802D80,"Stoerk-Tronic, Stoerk GmbH & Co.KG"
2C6A6F4,TINYCO
2C6A6F6,"Beep, Inc."
2C6A6F3,Cloudproject Generation Srl
A0BB3E7,SIMTEC Elektronik GmbH
28FD800,Millcode
2C265F8,"Itus Networks, LLC"
2C265F7,"Coremate Technical Co., Ltd"
2C265F4,"GTA Electronics Co., Ltd."
2C265F1,Griessbach
28FD801,"Galileo, Inc."
A0BB3E0,Link Labs
28FD80D,Grandway Technology (Shenzhen) Limited
28FD807,University of York
F80278A,Luxul Technology Inc
0CEFAF9,Rotel
0CEFAF6,Firmware Design AS
F802781,Reason Tecnologia SA
F80278D,Dueton Systems s.r.o.
A44F292,LUCEOR
A44F291,Olssen B.V.
A44F294,DGC Access AB
A44F296,Selektro Power Inc
A44F295,"Shanghai KuanYu Industrial Network Equipment Co.,Ltd"
3C39E7B,"chipsguide technology Co.,LTD"
3C39E73,ELSA Japan Inc.
0CEFAF3,Engineering Center ENERGOSERVICE
1007231,"Beijing Assem Technology Co., ltd"
D02212A,GNS-GmbH
D02212C,Xperio Labs Ltd.
1007236,ESTONE TECHNOLOGY INC
E818633,"DongGuan Pengxun Electronics Technology Co., Ltd."
E818634,"Guangzhou Tianyi Electronics Co., Ltd"
B8D812E,"ZheJiang FangTai Electirc Co., Ltd"
E818630,"DigiMagus Technology (Shenzhen) Co., Ltd"
74E14A8,aritec gmbh
B8D8123,iModesty Technology Corp.
E81863A,"JDM Mobile Internet Solution(Shanghai) Co., Ltd."
B8D8129,Entotem LTD
B8D8125,XIAMEN XINDECO LTD.
74E14AA,"AStar Design Service Technologies Co., Ltd."
E818636,"ARTECH SOLUTION CO.,LTD"
BC6641C,"Shenzhen Crave Communication Co.,ltd"
BC6641E,"Lucent Trans Electronics Co., Ltd"
E4956E9,eZeLink LLC
BC66417,VSN Mobil
58FCDBB,SWARCO TRAFFIC SYSTEMS GMBH
B01F81D,"TAIWAN Anjie Electronics Co.,Ltd."
BC6641B,Sidus Novum Sp. z o. o.
58FCDBA,Xmodus Systems GmbH
B01F815,"SHENZHEN GRID TECHNOLOGY CO.,LTD"
B01F812,Private
F40E117,"Shenzhen Grandsun Electronic Co.,Ltd."
F40E11E,Elektronika Naglic d.o.o.
F40E11C,"NIHON MEGA LOGIC CO.,LTD."
B01F813,Sound United
F40E115,E-SONG
F40E113,Shenzhen headsun technology
141FBAC,"Swiss Electronic (Shenzhen) Co., Ltd"
141FBA8,"Shenzhen CATIC Information Technology Industry Co.,Ltd"
141FBAA,"Winsonic Electronics Co., Ltd."
141FBA1,GloQuad
7C70BCA,Ametek VIS
BC3400C,Parlay Labs dba Highfive
7C70BC1,"XD-GE Automation CO.,LTD"
A43BFAB,"ALSTOM Strongwish (Shenzhen) Co., Ltd"
A43BFAE,The Magstim Company Ltd.
BC34001,IPLINK Technology Corp
A43BFAA,Plus One Japan Ltd.
A43BFAC,SHANGHAI XIETONG TECHNOLOGY INC.
D076501,DAIKEN AUTOMACAO LTDA
D07650B,PelKorea
D07650A,InventDesign
A43BFA2,Powell Industries
D076507,"ENCORED Technologies, Inc."
7419F81,"Trend-tech Technology Co., Limited"
7419F84,Cloudvue Technologies Corporation
7419F83,Essential Trading Systems Corp
4C4BF92,"Shenzhen HommPro Technology Co.,Ltd"
4011753,"Beijing Hexinruitong Electric Power Technology Co., Ltd."
4011757,Guangzhou RALID Information System Co.Ltd
401175D,"NanJing HuaStart Network Technology Co.,Ltd."
401175B,"Chongqing IQIYI Intelligence Technology Co., Ltd."
10DCB64,Annapurna labs
401175C,disguise Technologies Limited
10DCB6E,"Shenzhen Sunwoda intelligent hardware Co.,Ltd"
10DCB66,Prolan Zrt.
54A4934,"Shenzhen C & D Electronics Co., Ltd."
10DCB68,"Sanofi (Beijing) Pharmaceutical Co., Ltd."
10DCB62,CAL-COMP INDUSTRIA E COMERCIO DE ELETRONICOS E INFORMATICA LTDA
54A4935,"AUSOUNDS INTELLIGENCE, LLC"
54A493D,"ASSEM TECHNOLOGY CO.,LTD."
2085937,Great Lite International
4C4BF99,Tecnoplus Srl
9806372,Summa nv
980637E,Shanghai Jinnian information technology Co. Ltd
2415104,Annapurna labs
44D5F27,"Shenzhen Qiutian Technology Co.,Ltd"
44D5F2C,neocontrol soluÃ§Ãµes em automaÃ§Ã£o
44D5F2E,"Joint-Stock Company Research and Development Center ""ELVEES"""
44D5F29,"Auctus Technologies Co.,Ltd."
D05F641,"Hangzhou ToupTek Photonics Co., Ltd."
FCA47A1,"Shenzhen VMAX New Energy Co., Ltd."
D05F647,"Beijing Core Shield Group Co., Ltd."
2C16BD8,"Shenzhen elink smart Co., ltd"
2C16BDA,"Shenzhen Haiying Wire Tech Co., Ltd."
FCA47A3,Cliptech Industria e Comercio Ltda
B4A2EB4,Softel SA de CV
B4A2EB2,Katerra Inc
8C593C0,"Fujian Chaozhi Group Co., Ltd."
80E4DAF,Private
8C593C3,Chongqing beimoting technology co.ltd
8C593C6,"Qbic Technology Co., Ltd"
8C593CD,IDRO-ELETTRICA S.P.A.
D0C857B,"CHUNGHSIN INTERNATIONAL ELECTRONICS CO.,LTD."
D0C8571,DALI A/S
BC9740B,ForoTel
6095CE5,AdvanWISE Corporation
BC97408,Gaodi Rus
848BCD7,"SmartÂ Code (Shenzhen) Technology Co.,Ltd"
848BCD3,Annapurna labs
848BCDE,Emotiv Inc
848BCDD,ENGISAT LDA
848BCD8,Dunst tronic GmbH
B0FD0B4,Fasii Information Technology (Shanghai) Ltd.
B0FD0B0,"TAE HYUNG Industrial Electronics Co., Ltd."
848BCDA,Sphera Telecom
E41E0AE,"Shanghai LeXiang Technology Co., Ltd"
C82C2B0,"Fungible, Inc."
C82C2BA,Shiftall Inc.
C82C2B9,BIOT Sp. z o.o.
B0FD0BD,Habana Labs LTD
E41E0AC,TELETASK BELGIUM
E41E0AD,ROMO Wind A/S
C863146,GRINBI PARTNERS
C863147,"Shenzhen Wesion Technology Co., Ltd"
C863144,Shenzhen Zero Zero Infinity Technology Co.ï¼ŒLtd.
C863143,TrackMan
FCD2B68,Oviss Labs Inc.
C86314D,Telematix AG
34E1D1E,Annapurna labs
34E1D10,"Tianjin Sublue Ocean Science & Technology Co., Ltd"
34E1D15,Doki Technologies Limited
34E1D12,Teton Camera LLC
90C682F,Private
FCD2B65,Grandway Technology (Shenzhen) Limited
FCD2B60,CG POWER AND INDUSTRIAL SOLUTIONS LTD
FCD2B6B,T CHIP DIGITAL TECHNOLOGY CO.LTD
E44CC7E,"FLK information security technology Co,. Ltd"
E44CC78,IAG GROUP LTD
745BC58,EDOMO Systems GmbH
745BC54,uGrid Network Inc.
4CBC989,Airtex Manufacturing Partnership
4CBC987,Voegtlin Instruments GmbH
4CBC98C,Heliotis AG
4CBC986,"Humanplus Intelligent Robotics Technology Co.,Ltd."
E44CC7A,Muzik Inc
2C265FF,Private
A0BB3EF,Private
2C6A6FF,Private
E05A9FD,"Mountz, Inc."
E05A9F5,TRYEN
E05A9F2,"Chengdu Song Yuan Electronic Technology Co.,Ltd"
E05A9FA,"Contemporary Amperex Technology Co., Limited"
E05A9F0,Annapurna labs
4C65A8B,ZMIN Technologies
38B19E1,Freedompro Srl
283638C,Swisson AG
D8860B1,Krspace
CCD39DA,Lubelskie Fabryki Wag FAWAG S.A.
38B19E7,Beijing Memblaze Technology Co Ltd
38B19E9,Doepke SchaltgerÃ¤te GmbH
D425CC8,"DOLBY LABORATORIES, INC."
9C69B41,EA Technology Ltd
D425CC2,MusicLens Inc.
9C69B4D,"""Intellect module"" LLC"
D425CC5,bvk technology
D425CCC,POSNET Polska S.A.
D425CC7,"BlueCats US, LLC"
CCD39D1,Evoko Unlimited AB
4C917AE,Annapurna labs
4C917AA,Erlab DFS SAS
4C917AB,AvertX
6891D04,G-TECH Instruments Inc.
7CBC84B,Guangzhou Puppyrobot Technology Co.Ltd Beijing Branch
7CBC849,HITIQ LIMITED
7CBC84C,Tibit Communications
7CBC842,"3S Technology Co., Ltd."
6CDFFB0,Shenzhen HDCVT Technology
6CDFFB2,Sercomm Corporation.
98F9C73,"Beijing Horizon Information Technology Co., Ltd"
9C431E2,HAESUNG DS
7CBC840,AG Neovo
98F9C7C,"ShenZhen Chuangwei Electronic Appliance Co.,Ltd"
98F9C7B,HIROIA Communications Pte. Ltd. Taiwan Branch
7CBC844,CONTINENTAL
0CFE5DD,Maksat Technologies P Ltd
0CFE5D1,Fender Musical Instrument
0CFE5D9,Celerway Communication AS
0CFE5DB,YINUO-LINK LIMITED
C0D391B,Private
6C5C3D3,KWONG MING ELECTRICAL MANUFACTORY LIMITED
1CFD08E,MESHBOX FOUNDATION PTE. LTD.
1CFD08D,"Tianjin Keyvia Electric Co.,Ltd"
800A80F,Private
6C5C3D2,Vertiv Industrial Systems
1CFD08C,"Shanghai YottaTech Co Ltd (ä¸Šæµ·å°§å®ƒç§‘æŠ€æœ‰é™å…¬å¸ï¼?""399 keyuan Rd"
A83FA15,Sercomm Corporation.
3C6A2C9,"WICKS Co., Ltd."
A83FA19,"Shenzhen ITLONG Intelligent Technology Co.,Ltd"
1CFD08A,"Banmak Technogies Co.,Ltd"
1CFD081,"Shenzhen SEWO Technology Co.,Ltd."
A83FA10,Imecon Engineering SrL
B8D812F,Private
300A604,"AVIC JONHON OPTRONIC TECHNOLOGY CO., LTD."
300A608,Bronkhorst High-Tech BV
A4ED432,"Shanghai Mission Information Technologies (Group) Co.,Ltd"
A4ED43B,Paragon Business Solutions Ltd.
A02833E,"Precision Planting, LLC."
A4ED430,Sweam AB
A02833B,FlexLink AB
8489EC3,Aerionics Inc.
8489EC9,"Shenzhen Xtooltech Co., Ltd"
8489EC0,SmartGiant Technology
8489EC5,"Zephyr Engineering, Inc."
6891D03,Ambitio LLC
D47C444,Sammi Onformation Systems
9CF6DD6,"Shenzhen Xtooltech Co., Ltd"
3009F92,"Beijing Netswift Technology Co.,Ltd."
78C2C04,"Ory Laboratory Co., Ltd."
9CF6DDD,"Foshan Synwit Technology Co.,Ltd."
3009F99,Bonraybio
3009F90,"Hurray Cloud Technology Co., Ltd."
04C3E60,DREAMKAS LLC
C083591,"Gemvax Technology ,. Co.Ltd"
C083594,ANTS
04C3E6C,"SHANTOU YINGSHENG IMPORT & EXPORT TRADING CO.,LTD."
3C427E8,UBTECH ROBOTICS CORP
3C427E6,Edit Srl
A0C5F20,"Quantlab Financial, LLC"
B44BD62,"Shenzhen Cudy Technology Co., Ltd."
B44BD6D,ELLETA SOLUTIONS LTD
B44BD65,ShenZhen Comstar Technology Company
3C427EB,Compal Electronics INC.
A019B25,"SZBROAD   TECHNOLOGY (HK) CO.,LTMITED"
A019B21,El Sewedy Electrometer Egypt S.A.E.
2C48354,GEARTECH LTD
8C1CDA1,GESAS GmbH
8C1CDA9,Raychem RPG PVT. LTD.
8C1CDA8,ATOL LLC
2C4835A,Collatz+Trojan GmbH
3C24F0A,"Shenzhen Bestway Technology Co., Ltd"
3C24F0E,GETMOBIT LLC
8C1CDA3,Structura Technology & Innovation
3C24F0C,Authentico Technologies
0C73EB5,Husty M.Styczen J.Hupert Sp.J.
0C73EB0,Gemini Data Loggers (UK) Limited
8C1CDAB,T+A elektroakustik GmbH & Co.KG
480BB21,BAJA ELECTRONICS TECHNOLOGY LIMITED
480BB2D,M2Lab Ltd.
480BB20,Ridango AS
480BB2E,"Beijing MFOX technology Co., Ltd."
885FE86,"Shenzhen Xin Kingbrand Enterprises Co.,Ltd     "
885FE8A,Lisle Design Ltd
2CD1419,"Beijing Hexing Chuangxiang Technology Co., Ltd."
301F9A6,"YiSheng technology  co.,LTD"
885FE80,Jungheinrich Norderstedt AG & Co. KG
885FE82,Opto Engineering
301F9AD,OLIMEX Ltd
301F9A9,Private
A4DA220,General Electric Company
F041C89,"Shenzhen  Nufilo Electronic Technology Co., Ltd."
F041C86,AED Engineering GmbH
A4DA22E,Quuppa Oy
F041C87,"Nanchang BlackShark Co.,Ltd."
88A9A7E,Impact Distribution
88A9A78,psb intralogistics GmbH
88A9A71,Solaredge LTD.
88A9A77,kimura giken corporation
A4DA222,Wyze Labs Inc
DCE5335,Controls Inc
9C431EA,ST Access Control System Corp.
C4FFBC0,Danego BV
C4FFBC7,Critical Link
282C02E,"Capintec, Inc."
189BA54,Innominds Software Inc
282C028,"Shenzhen Neoway Technology Co.,Ltd."
282C021,Astronics AES
282C02D,SHENZHEN DOMENOR TECHNOLOGY LLC
4048FDA,"Shenzhen Yifang Digital Technology Co., LTD. "
F8B568D,Solarius
F8B5686,"Package Guard, Inc"
3873EA1,"KingWay Information Co.,Ltd."
3873EAB,"Shanghai ZoomSmart Technology Co., Ltd."
EC9F0DE,MAX Technologies
34D0B8E,Kongqiguanjia (Beijing)Technology co.ï¼Œltd
34D0B86,NumberFour AG
34D0B87,"Shenzhen Rikomagic Tech Corp.,Ltd"
34D0B81,"Shenzhen Bao Lai Wei Intelligent Technology Co., L"
EC9F0D3,Waverly Labs Inc.
EC9F0D2,DRB Systems
EC9F0DD,SKS Control Oy
AC1DDFE,Duravit AG
AC1DDFC,"Beijing Chunhong Technology Co., Ltd."
AC1DDF0,PiOctave Solutions Pvt Ltd
AC1DDF6,Shenzheng SenseTime Technology Co. Ltd
741AE03,Philips Personal Health Solutions
CC22375,"Beijing Safesoft Greatmaker Co.,ltd"
741AE0B,"SHEN ZHEN YINGJIACHUANG ELECTRONICS TECHNOLOGY CO.,LTD."
CC22377,"Shanghai Doit IOT Technology Co.,Ltd."
CC22370,MEDCOM sp. z o.o.
CC22376,Siemens AG Austria
2C279EC,"WAYCOM Technology Co.,Ltd"
904E91E,"Shenzhen Cloudynamo Internet Technologies Co.,LTD."
904E918,"CommandScape, Inc."
904E91A,Kaertech Limited
34298FE,"ARC Technology Co., Ltd"
189BA56,Mantra Softech India Pvt Ltd
189BA5B,Eutron SPA
189BA52,Airprotec
34008A1,ZQAM Communications
34008A5,Federal Aviation Administration 
34298F0,BlackEdge Capital
34008A6,Sithon Technologies SAS
34008A3,Globex 99 LTD
34298F7,"Dongguan Kingtron Electronics Tech Co., Ltd"
28F537C,Matricx Singapore Pte Ltd
0CEFAFB,"Hubei Century Network Technology Co., Ltd"
28F5372,"Unicair Communication Tec Co., Ltd."
78D8000,Kverneland Group Mechatronics
78D8006,Alango Technologies Ltd
28F5374,Phyn LLC
78D8002,"Shanghai Espacetime Technology Co.,Ltd."
7CBACC8,Collinear Networks Inc.
78D8007,NimbeLink Corp
7CBACC0,TGT Limited
7CBACC2,Maco Lighting Pty. Ltd.
F88A3C9,withus
F88A3CC,"EXCETOP TECHNOLOGY (BEIJING) CO., LTD."
A0C5F23,"Shenzhen Feima Robotics Technology Co.,Ltd"
F88A3CD,"THK Co.,LTD."
4C65A8D,"Qingping Technology (Beijing) Co., Ltd."
A0C5F25,Spacepath Communications Ltd
8C147D8,V2 S.p.A.
A0C5F26,ShenZhen JuWangShi Tech
F023B92,Raysgem Electronics and Technology Co.Ltd
8C147DC,Reynaers Aluminium
8C147D3,Remotec Technology Limited
F023B97,Transcend Building Automation control network corporation
8C147D2,Agilent S.p.A
8C147D7,UrbanHello
04714B6,Armstrong Fluid Technology
04714B7,Omylis Pte Ltd
60D7E39," LongSung Technology (Shanghai) Co.,Ltd.   "
08ED02A,Victiana SRL
60D7E37,Phase One A/S
60D7E32,Novo innovations Ltd
08ED026,SANGO ELECTRONICS CO
08ED023,"Jiangsu Logread Network Technology Co., LTD."
08ED025,Vigitron Inc.
08ED024,Fio Corporation
98AAFC7,Shenzhen Hubsan Technology Co.ï¼ŒLTD.
98AAFC5,SPM Instrument AB
144FD77,"Shenzhen V-Streaming Technology Co., Ltd."
A411631,INTER CONTROL Hermann KÃ¶hler Elektrik GmbH & Co.KG
A411632,"Allgo Tech. (Beijing) Co.,Ltd"
A41163C,Viloc
1CC0E1C,Nitto Seiko
A411630,Adetel Equipment
A41163A,ISE GmbH
A41163E,tinylogics
1CA0D3C,LYT inc.
1CA0D38,Desarrollos y Soluciones Guinea I+D S.L.
38FDFEC,"New Garden Co., Ltd."
A411634,"AlterG, Inc."
1CA0D31,Jabil circuit italia srl
40F3859,Fast Precision Technologies Co. Ltd.
1CA0D3A,DSM Messtechnik GmbH
1CA0D3D,ERATO (HK) Corporation Limited
58E8766,DivioTec Inc.
50A4D0B,ZHENG DIAN ELECTRONICS LIMITED
50A4D01,"Beijing ANTVR Technology Co., LTD"
50A4D02,Seneco A/S
807B857,"Chendu Ningshui Technology Co.,Ltd"
40F3856,Lennox International Incorporated
3.40E+11,Pebble Technology
50A4D06,PointGrab
3.40E+06,EFD Induction
34049EA,i3 International Inc.
A4580F2,BLOKS. GmbH
500B911,SPD Development Company Ltd
A4580F0,INNOPRO
40ED988,"GUANGZHOU AURIC INTELLIGENT TECHNOLOGY CO.,LTD."
40ED983,Knox Company
40ED984,Kendrion Kuhnke Automation GmbH
500B919,"Machfu, Inc."
500B915,"jiangsu zhongling high-tech CO.,LTD."
500B91A,New Audio LLC
7CCBE2A,"Shanghai Institute of Applied Physics, Chinese Academy of Sciences"
500B91B,thumbzup UK Limited
4865EE9,"VideoStitch, Inc"
4865EE2,CaptionCall
244E7B8,Cyber1st
244E7B6,Owasys Advanced Wireless Devices
4865EEA,"Shenzhen Inpor cloud Computing Co., Ltd."
4865EEC,DNV GL
1CC0E1E,"Yun Yang Fire Safety Equipment Co.,Ltd."
1CC0E15,Kids Wireless Inc
1CC0E11,"Hangzhou Kaierda Electric Welding Machine Co.,Ltd"
AC64DD9,Micro Connect Pty Ltd
AC64DD5,"SHANGHAI ZTE TECHNOLOGIES CO.,LTD"
AC64DD6,Kpnetworks Ltd.
4CE173A,jvi
AC64DD0,Jia-Teng
4CE1732,Lenovo Data Center Group
4CE1737,ErsÃºles Limited
383A21A,Foresight Sports
383A218,Alicat Scientific
F81D780,Dongguan Shun Hing Plastics Limited
F81D786,"Zengge Co., Limited"
70F8E7E,CUAV
70F8E75,"Beijing Eehuu Technology Co.,Ltd."
70F8E7D,System-on-Chip engineering
84E0F45,"Hangzhou Nationalchip Science & Technology Co.,Ltd."
70F8E77,"NST Technology Limited Co.,Ltd."
70F8E74,CLIP Inc.
70F8E7B,Photonfocus AG
84E0F44,PetroInTrade
84E0F49,"SHENZHEN HCN.ELECTRONICS CO.,LTD."
84E0F4D,Logos01 Srl
5CF2869,"Shenzhen VST Automotive Electronics Co., LTD"
C0D3914,Vernier Software & Technology
C0D3910,"Fuzhou Jinshi Technology Co.,Ltd."
58E8761,"Beijing Perabytes IS Technology Co., Ltd"
58E876E," Baoruh Electronic Co., Ltd."
58E8762,Coala Life AB
C0D3916,Ernitec
58E8767,Chronos Technology Ltd.
F0ACD7C,Simprints Technology Ltd
F0ACD79,"U3storage Technologies Co., Ltd"
B0C5CA7,SHENZHEN KTC TECHNOLOGY GROUP 
2836383,Sabinetek
2836382,"SHENZHEN GOSPELL SMARTHOME ELECTRONIC CO., LTD."
78CA83D,Hubei Boyuan Zhijia Network Media Co. Ltd.
8C192DE,Elcon AB
D0D94FE,"APPOTRONICS CO., LTD"
8C192D3,Greenfield Technology
78C2C06,"SICHUAN TIANYI COMHEART TELECOMCO.,LTD"
CCD31E7,"Shenzhen Decnta Technology Co.,LTD."
CCD31E8,inoage GmbH
CCD31E5,"NTmore.Co.,Ltd"
C47C8DD,"Anhui GuangXing Linked-Video Communication Technology Co, Ltd."
C47C8D2,"Star2Star Communications, LLC"
6891D0C,Spraying Systems Co.
6891D0D,"Fuzhou x-speed information technology Co.,Ltd."
6891D08,solvimus GmbH
E0B6F51,"START TODAY CO.,LTD."
50FF99A,metraTec GmbH
E0B6F5B,Moog Crossbow
50FF998,Dolphin Concepts Limited
986D35E,"BAYCOM OPTO-ELECTRONICS TECHNOLGY CO., LTD."
986D352,"SHENZHEN FISE TECHNOLOGY HOLDING CO.,LTD."
986D35B,INTECH
1007232,Diginet Control Systems Pty Ltd
7C477CB,"Hangzhou Yiyitaidi Information Technology Co., Ltd."
986D35A,"iWave Japan, Inc."
5CF286B,Itron UK Limited
7C477C2,POWERLAND LIMITED
38FDFE1,"WAYTONE (BEIIJNG) COMMUNICATIONS CO.,LTD"
38FDFE3,"Siemens AG, PG IE R&D"
38B8EB2,barox Kommunikation GmbH
38B8EBD,"Yellowbrick Data, Inc."
38B8EB6,"MATRIXSTREAM TECHNOLOGIES, INC."
1C8879B,gekartel AG
1C88790,"Newps co.,ltd"
1C8776E,Artis GmbH
1C88791,ANDRA Sp. z o.o.
1C8779E,ASSYSTEM France
1C8774E,Quest Integrity
1C8879A,ITW-FEG
1C87742,Nichigaku
1C87740,Philips Personal Health Solutions
1C8776B,Hekatron Vertriebs GmbH
1C87764,RDP.RU
1C87797,TASC Systems Inc.
1C8779B,"Beijing Geedeen Technology Co., Ltd"
8439BE1,Guangzhou Heygears Technology Ltd
1C87792,SMARTMOVT TECHNOLOGY Co.ï¼?LTD
70886B6,"Church & Dwight Co., Inc."
40A36BC,Onion Corporation
70886B8,Cable Matters Inc.
70886B1,Bitfinder Inc
70886B9,"Shenzhen Coolhear Information Technology Co., Ltd."
40A36B1,TW-TeamWare
800A800,"Golana Technology (Shenzhen) Co., Ltd."
CC1BE0A,Matter Labs Pty Ltd
CC1BE01,Beijing Daotongtianxia Co.Ltd.
0055DA6,"OOO ""DEKATRON"""
CC1BE0E,Cassia Networks
0055DA9,"Quantum Communication Technology Co., Ltd.,Anhui"
C88ED1D,PHOENIX ENGINEERING CORP.
A03E6B0,s&t embedded GmbH
C88ED1C,"Shanghai Bwave Technology Co.,Ltd"
A03E6B4,Shenzhen Nufilo Inc.
C88ED17,"Ube, Inc. (dba Plum)"
A03E6BB,KoCoS Messtechnik AG
1C21D12,Varaani Works Oy
DC4427D,Rohde&Schwarz Topex SA
DC4427E,VerifEye Technologies
1C21D16,"Wuhan TieChi Detection Technology Co., Ltd."
1C21D17,Soundtrack Your Brand Sweden AB
1C21D1D,"Liscotech System Co., Ltd."
1C21D1A,LG CNS
1C21D1B,Global Design Solutions Ltd
1C21D10,"Toyo System CO.,LTD."
C88ED13,Linx Technologies
C88ED14,Comlab AG
C88ED15,Fibergate.Inc
B0C5CAA,TEM Mobile Limited
B0C5CAB,RISECOMM  (HK) TECHNOLOGY CO. LIMITED
DC44271,"Tesla Motors, Inc"
B0C5CA2,LOWOTEC GmbH
78C2C05,"ShenZhen TuLing Robot CO.,LTD"
B437D1A,Axiomatic Technologies Corporation
74F8DB1,GHL Advanced Technology GmbH & Co. KG
549A11D,"Hangzhou duotin Technology Co., Ltd."
549A11A,VendNovation LLC
885D909,Gigatech R&D Corp.
885D901,ShenZhen Yuyangsheng technology company LTD
885D906,Hi-Profile Achievement (M) Sdn Bhd
64FB81B,"Sichuan Haige Actec Communication Technology Co.,Ltd."
64FB811,Narrative AB
807B850,"Shiroshita Industrial Co., Ltd."
807B852,"Phoenix Co.,Ltd."
807B858,"IDair, LLC"
80E4DAA,Neutronics
1CCAE36,"TOKAI RIKA CO., LTD."
80E4DAE,Akenori PTE LTD
1CCAE32,Insigma Inc
1CCAE3B,"Dream Visions Co., LTD"
1CCAE3C,Gahdeung Elecom
2CD1418,Minno LLC
90C6821,"Shenzhen Photon Broadband Technology CO., LTD"
90C6822,ekey biometric systems gmbh
2C6A6FB,Schneider Electric Korea
2CD1410,iCIRROUND Inc
90C682A,Beijing Acorn Networks Corporation
2CD1413,"AOptix Technologies, Inc"
90C6829,ACT
9802D83,Grammer EiA Electronics nv
A0BB3EE,Messtechnik Sachs GmbH
28FD80E,T-Radio AS
A0BB3E4,COMSYS Communications Systems Service GmbH
9802D86,Fritz Kuebler GmbH
9802D81,SHENZHEN ATEKO PHOTOELECTRICITY CO LTD
2C265F0,"XIAMEN VORLINK IOT TECHNOLOGY CO.,LTD."
F80278E,Lit Technologies
2C265F6,Appostar Technology Co. Ltd
2C265F3,"shenzhen Clever Electronic Co., Ltd."
28FD803,"NUUO, Inc."
0CEFAF5,PREMIUM SA
F802783,3Shape Holding A/S
F802780,Digatron Power Electronics GmbH
F80278C,"Technology Research, LLC"
0CEFAF2,LUMEL S.A.
A44F29E,Neotech Systems Pvt. Ltd.
0CEFAF8,BSX Athletics
F802785,Electric Objects
1007238,Ion Professional Solutions
100723E,"First Chair Acoustics Co., Ltd."
3C39E7A,iiM AG
3C39E79,Zone Controls AB
A44F29D,HALLIBURTON
3C39E77,Sensor to Image GmbH
100723B,"Fujian Quanzhou Dong Ang Electronics Co., Ltd."
1007237,"nanoTech Co., Ltd."
D022125,"Shanghai Routech Co., Ltd"
E81863E,Acopian Technical Company
D02212B,Schleifenbauer Holding BV
D02212E,u::Lux GmbH
D022129,UAB &quot;SALDA&quot;
D022127,Cliptech Industria e Comercio Ltda
74E14AB,Loctek Visual Technology Corp.
B8D812B,Docobo Limited
74E14AD,Knog Pty Ltd
74E14A5,UTU Oy
E4956EC,"Shenzhen Arronna Telecom Co.,Ltd"
E4956EB,iConservo Inc
E4956EA,"Red Point Positioning, Corp."
BC66414,ARGUS-SPECTRUM
E4956E5,ELAN SYSTEMS
B01F81A,Steffens Systems GmbH
B01F819,CIDE Interactive
58FCDB6,Timex Group USA Inc
141FBAD,"AJIS(DALIAN)co.,LTD"
F40E118,Zeepro Inc.
F40E116,Alpha Design Technologies Pvt Ltd
F40E11B,BRADAR INDUSTRIA SA
141FBA6,Thales Communications & Security SAS
141FBA5,Inttelix Brasil Tecnologia e Sistemas Ltda
BC34008,MATICA TECHNOLOGIES AG
BC3400D,"Hangzhou Linker Digital Technology Co., Ltd"
BC3400E,LLD Technology Ltd.
BC3400B,"FARO TECHNOLOGIES, INC."
7C70BC6,Bidgely
7C70BCD,mk-messtechnik GmbH
141FBA0,"Shenzhen Mining Technology Co.,Ltd."
BC34002,LifeSmart
BC34009,Shenzhen PHilorise Technical Limited
BC34005,"NDSL, Inc."
A43BFA5,BOI Solutions
7419F86,Baudisch Electronic GmbH
D076502,Happo Solutions Oy
7419F8E,"Volacomm Co., Ltd"
D076503,TAPKO Technologies GmbH
D07650C,Electro-Motive Diesel
7419F80,Marmitek
4011756,"ShenZhen LanShuo Communication Equipment CO.,LTD."
10DCB63,HANACNS 
10DCB69,"Fuzhou Rockchip Electronics Co.,Ltd"
10DCB61,ABB Switzerland Ltd.
10DCB65,Milesight Taiwan
10DCB6C,BBPOS International Limited
10DCB6B,Eyeball Fintech Company
10DCB6D,LeoLabs
54A4936,"Hannto Technology Co., Ltd"
54A493C,"BJ COTYTECH TECHNOLOGY CO.,LTD"
54A4932,genua GmbH
